Section,Language from Directive,Obligation,Obligation Category,Primary Responsible Department,Support Function,Coverage Status,Policy Gap and Recommendations,Policy Page,Corresponding Policy Text,Priority
Introduction,"--- Page 1 ---
: Directive 159.A.i (LT&ST,

FINANCIAL SERVICES BOARD
REPUBLIC OF SOUTH AFRICA FSB

LONG-TERM INSURANCE ACT, 1998 (ACT 52 OF 1998)
SHORT-TERM INSURANCE ACT, 1998 (ACT 53 OF 1998)

Long-term and Short-term insurers 10.414.1.5.2 &10.41.2.5.2
Issue date Effective date Directive Withdrawal date

- , 189.Ai","Insurers must address the requirement described in section Introduction: --- Page 1 --- : Directive 159.A.i (LT&ST, FINANCIAL SERVICES BOARD REPUBLIC OF SOUTH AFRICA FSB LONG-TERM INSURANCE ACT, 1998 (ACT 52 OF 1998) SHORT-TERM INSURANCE ACT, 1998 (ACT 53 OF 1998) Long-term and Short-term insurers 10.414.1.5....",Legal & Compliance,Legal & Compliance,Regulatory Compliance,Partially Covered,"Policy partially addresses the obligation. Update the policy to explicitly cover the missing requirement, control owner, review frequency, and evidence expectations.",10,"The Department proposing the material outsourcing arrangement should prepare a detailed business 
case, detailing the potential costs, benefits and risks associated. As part of this process, the Board 
must make an ‘in principle’ decision to continue the outsourcing process and to call for selection 
process documents. The proposed documentation should clearly outline the requirements of ABC for 
the proposed material outsourcing arrangement. 
8.2  Eligibility and qualification of a business case 
The business case should contain a selection criterion that includes specific requirements and service 
expectations, which enables a fair and impartial selection prior to outsourcing to a third party. The 
selection criteria must consider assessing the following (as a minimum):  
• 
The financial resources of the third party to deliver the services, 
• 
The third party’s technical resources, systems, and capacity to deliver the required services, 
• 
The human resources of the third party having relevant skills to provide the services, 
• 
The third party’s compliance plans and procedures, 
• 
The third circumstances party’s internal control framework covering risk management, 
performance standards, policies, procedures, internal audit, review and compliance arrangements, 
reporting, and monitoring processes, 
• 
An assessment of the anti-money laundering and counter-terrorist financing risks of the third party, 
• 
The fees to be charged by a third party. 
9. Due Diligence 
The due diligence should be conducted before any final decision is made to determine whether to 
outsource a material activity or not. This should address all material factors that would impact the 
potential Third party’s ability to perform the business activity.  
The due diligence process should, as a minimum, assess the financial ability, technical ability, and 
capacity of the third party to deliver, including in stressful situations, the required services.",Medium
12,April 2012 42 April 2042 (ast) -,This section provides contextual or background information and does not create a direct compliance obligation.,Informational / Context,Legal & Compliance,Regulatory Compliance,Not Applicable / Informational,This item appears to provide context or background rather than a direct policy obligation; no policy amendment is required unless management wants to reference it for completeness.,9,"6. Overseas outsourcing arrangements 
GRC Function should for any proposed outsourcing arrangements involving transmission, processing, 
and retention of policyholder data and/or financial data and/or material outsourcing to a third party 
located overseas (including head offices and/or regional offices and/or affiliated entities of insurers), 
must provide the following information to Insurance Authority accompanying the request:  
a. Details of the function to be outsourced, 
b. Categorization of the function (material or non-material outsourcing), 
c. Reason for outsourcing, 
d. Details on the third party located overseas (i.e., name, country, address, license, activity, etc.), 
e. Details on the nature and disposal of the data to be transferred, 
f. 
Details on the confidentiality agreement with the third party, 
Confirmation in writing from ABC by a legal opinion affirming ABC’s right of access to the outsourcing 
activity at the third party (Service Provider), in which the third party must guarantee to abide by the 
legal clause. (Alternatively, ABC may use a standard clause approved by Insurance Authority in its 
contract, instead of the legal opinion). 
7. Risk identification and mitigation measures 
Risk identification 
Related Mitigation Measures 
Outsourcing objectives are not 
aligned with the overall business 
strategy and the target operating 
model 
Clear alignment between the material outsourcing arrangement 
and the overall business strategy ensures the target operating 
model. 
Scope and requirements not fully 
understood 
A scope assessment should be both comprehensive in scope and 
flexible enough to support current and future requirements. 
Business case not covering all 
aspects of the material outsourcing 
arrangement 
A solid business case with a current assessment of financial, 
operational, and organizational needs to provide a baseline for 
evaluating a material outsourcing arrangement. This provides 
valuable insights into the total cost of the material outsourcing 
arrangement and the trade-offs. 
The third party may not have the 
plans, tools, systems, and 
resources to manage the material 
outsourcing arrangements 
Change management programs identify and mitigate capability and 
communication gaps and include planning and implementation that 
determine the pace and success of the material outsourcing 
arrangement. 
Managing the many risks raised by the material outsourcing arrangement will be adopted to align the 
objectives, internal and external resources, implements sound governance and controls, and address 
all relevant regulatory and compliance matters.  
Such an approach will include the ability to measure, track and manage all risks associated with specific 
material outsourcing arrangements.",Low
1,"Compliance with sections 9(3)(b)(i} read with sections 12(1){(c) of the Long-term
Insurance Act and Short-term Insurance Act, respectively: Outsourcing

PURPOSE

The purpose of this Directive is to, under sections 4(4) of the Long-term Insurance
Act No. 52 of 1998 and the Short-term Insurance Act No. 53 of 1998 (‘the Acts”),
tead with sections 9(3}(b){i) and sections 12(1)(c) of the Acts, respectively, direct
long-term and short-term insurers (“insurers”) to comply with the requirements set
out in this Directive when outsourcing an aspect of their long-term or short-term
insurance business {“insurance business”) to another person.

BACKGROUND

Outsourcing may materially increase risk to insurers or materially adversely affect
their ability to manage risks and meet regulatory obligations.

International standards’ require an appropriate legislative framework that mitigates
the potential adverse effect referred to in paragraph 2.1.

APPLICATION AND SCOPE OF DIRECTIVE

This Directive applies to all insurers (including, subject to paragraph 3.6,
reinsurers).

Insurance core principles (October 2011), specifically ICP 8.7, of the International Association of

Insurance Supervision (IAIS).

Page 1 of 10



--- Page 2 ---","Insurers must address the requirement described in section 1: Compliance with sections 9(3)(b)(i} read with sections 12(1){(c) of the Long-term Insurance Act and Short-term Insurance Act, respectively: Outsourcing PURPOSE The purpose of this Directive is to, under sections 4(4) of the Long-term Ins...",Legal & Compliance,Legal & Compliance,Regulatory Compliance,Partially Covered,"Policy partially addresses the obligation. Update the policy to explicitly cover the missing requirement, control owner, review frequency, and evidence expectations.",5,"1.7 Definitions  
Term 
Definition / Abbreviation 
GRC Function 
Function in ABC managing Governance, Risk and Compliance activities 
Outsourcing 
Refers to an arrangement under which a third party (service provider) undertakes 
to provide a service previously carried out by it or a new service to be offered by 
it. Dealing with insurance companies, health service providers, actuaries, 
consultants is not considered an Outsourcing Arrangement. 
Third party 
Refers to any service provider to whom the activity is outsourced. A third party 
can be a member of the group to which it belongs, a related company, or an 
unrelated third party, whether located in Saudi Arabia or elsewhere. 
Material Functions 
Refers to operations (underwriting and claims handling) risk management, 
finance, internal audit, compliance, and primary decision-making processes such 
as policy sales and renewals. 
Material Outsourcing 
Refers to an outsourcing arrangement that, if disrupted, has the potential to 
significantly impact on the business operations, reputation, or profitability. 
Policyholder Data 
(Client) 
Refers to any information or document relating to the affairs of a policyholder 
(whether kept physically or electronically and whether held by a third party). 
Financial Data 
Refers to all financial data including books of policies, general and sub-ledger, 
financial statements, and various financial data other than policyholder data. 
Overseas 
Refers to locations outside of Saudi Arabia in which entities are subject to other 
jurisdictions’ laws and regulations. 
IA 
Insurance Authority (erstwhile SAMA) 
ABC 
ABC Digital Insurance Agency 
1.8 Document Control 
• 
The contents of this document are confidential and are ONLY intended for internal use at the Company. 
This document should always be kept in a safe place and must not be copied or revealed to third parties, 
• 
The hard copy of this document shall remain in custody of GRC Function, 
• 
Distribution of this document, in whole or in part, shall be made only as approved by the GRC Function, 
• 
Relevant sections of this Policy must be read by the concerned employees of the Company to ensure 
compliance with the Outsourcing SOP.",Medium
41,"This Directive applies in respect of all aspecis of the insurance business’ of
insurers that are or may be outsourced to another person, but does not apply to
intermediary services®.

This Directive applies irrespective of the person to whom an aspect of the
insurance business is outsourced being a related party or inter-related party of the
insurer as defined in section 1 of the Companies Act No. 71 of 2008, and
irrespective of that other person being located outside of South Africa.

This Directive also applies to —","Insurers must address the requirement described in section 41: This Directive applies in respect of all aspecis of the insurance business’ of insurers that are or may be outsourced to another person, but does not apply to intermediary services®. This Directive applies irrespective of the person to w...",Legal & Compliance,Legal & Compliance,Regulatory Compliance,Partially Covered,"Policy partially addresses the obligation. Update the policy to explicitly cover the missing requirement, control owner, review frequency, and evidence expectations.",13,"Material Outsourcing Arrangement 
Non- Material Outsourcing Arrangement 
Applications processing 
Marketing information services 
Back-office management 
Security services 
Claims administration 
Advisory services 
Underwriting services 
Independent consulting 
Complaints handling 
Mail and courier services 
Investment management 
Printing services 
Manpower management 
Purchase of goods including after-sales and other 
support services 
Marketing and research 
External audit and independent audit assessment  
Business continuity and disaster recovery plan 
Building maintenance and repair services  
Information system management and maintenance 
Credit and background check information services 
Employment of contract or temporary personnel, 
headhunting services, employee assessment, and 
consulting on staff development",Medium
3.4.1,"the outsourcing of any insurance business conducted by a branch of an
insurer located outside of South Africa; and",This section provides contextual or background information and does not create a direct compliance obligation.,Outsourcing / Third Party,Operations,Business Operations,Not Applicable / Informational,This item appears to provide context or background rather than a direct policy obligation; no policy amendment is required unless management wants to reference it for completeness.,9,"6. Overseas outsourcing arrangements 
GRC Function should for any proposed outsourcing arrangements involving transmission, processing, 
and retention of policyholder data and/or financial data and/or material outsourcing to a third party 
located overseas (including head offices and/or regional offices and/or affiliated entities of insurers), 
must provide the following information to Insurance Authority accompanying the request:  
a. Details of the function to be outsourced, 
b. Categorization of the function (material or non-material outsourcing), 
c. Reason for outsourcing, 
d. Details on the third party located overseas (i.e., name, country, address, license, activity, etc.), 
e. Details on the nature and disposal of the data to be transferred, 
f. 
Details on the confidentiality agreement with the third party, 
Confirmation in writing from ABC by a legal opinion affirming ABC’s right of access to the outsourcing 
activity at the third party (Service Provider), in which the third party must guarantee to abide by the 
legal clause. (Alternatively, ABC may use a standard clause approved by Insurance Authority in its 
contract, instead of the legal opinion). 
7. Risk identification and mitigation measures 
Risk identification 
Related Mitigation Measures 
Outsourcing objectives are not 
aligned with the overall business 
strategy and the target operating 
model 
Clear alignment between the material outsourcing arrangement 
and the overall business strategy ensures the target operating 
model. 
Scope and requirements not fully 
understood 
A scope assessment should be both comprehensive in scope and 
flexible enough to support current and future requirements. 
Business case not covering all 
aspects of the material outsourcing 
arrangement 
A solid business case with a current assessment of financial, 
operational, and organizational needs to provide a baseline for 
evaluating a material outsourcing arrangement. This provides 
valuable insights into the total cost of the material outsourcing 
arrangement and the trade-offs. 
The third party may not have the 
plans, tools, systems, and 
resources to manage the material 
outsourcing arrangements 
Change management programs identify and mitigate capability and 
communication gaps and include planning and implementation that 
determine the pace and success of the material outsourcing 
arrangement. 
Managing the many risks raised by the material outsourcing arrangement will be adopted to align the 
objectives, internal and external resources, implements sound governance and controls, and address 
all relevant regulatory and compliance matters.  
Such an approach will include the ability to measure, track and manage all risks associated with specific 
material outsourcing arrangements.",Low
3.4.2,"the outsourcing of any insurance business conducted by a subsidiary of an
insurer located in or outside of South Africa.

This Directive does not apply to functions or activities performed by an insurer on
behalf of another person, i.e. it does not apply where functions or activities have
been outsourced to the insurer.

This Directive applies to any outsourcing (such as pricing and actuarial services) by
an insurer to a reinsurer or by a reinsurer to an insurer, whether under a
reinsurance contract or not, but does not apply to the actual insurance provided
under a reinsurance contract.

This Directive sets out the general and overarching requirements that an insurer
must comply with when outsourcing any aspect of its insurance business. This
means that it applies in addition to the existing regulatory framework. An insurer
must therefore, in addition to this Directive comply with the specific regulatory
requirements set out in the regulatory framework, such as the requirements relating
to nominee business, binder agreements and assistance business group schemes
(under the Long-term Insurance Act).

LEGISLATIVE FRAMEWORK

Sections &3)b)(i) of the Acts provide that an application for registration as an
insurer may not be granted by the Registrar if the applicant does not, inter alia,
have the organisation or management that is necessary and adequate for the
carrying on of the business concerned.

This includes not only the functions or activities that constitute the provision of policy benefits as per the
definition of long-term insurance business and short-term insurance business in the Acts, but includes all
functions or activities that enable the insurer to provide such policy benefits such as IT systems, asset
management and records / database administration.

Means the “rendering services as intermediary” as defined in Part 3A of the Regulations issued under
section 72 of the Long-term Insurance Act and “services as intermediary” as defined in section 1 of the
‘Short-term Insurance Act.



--- Page 3 ---","Insurers must address the requirement described in section 3.4.2: the outsourcing of any insurance business conducted by a subsidiary of an insurer located in or outside of South Africa. This Directive does not apply to functions or activities performed by an insurer on behalf of another person, i.e. i...",Legal & Compliance,Legal & Compliance,Regulatory Compliance,Partially Covered,"Policy partially addresses the obligation. Update the policy to explicitly cover the missing requirement, control owner, review frequency, and evidence expectations.",5,"1.7 Definitions  
Term 
Definition / Abbreviation 
GRC Function 
Function in ABC managing Governance, Risk and Compliance activities 
Outsourcing 
Refers to an arrangement under which a third party (service provider) undertakes 
to provide a service previously carried out by it or a new service to be offered by 
it. Dealing with insurance companies, health service providers, actuaries, 
consultants is not considered an Outsourcing Arrangement. 
Third party 
Refers to any service provider to whom the activity is outsourced. A third party 
can be a member of the group to which it belongs, a related company, or an 
unrelated third party, whether located in Saudi Arabia or elsewhere. 
Material Functions 
Refers to operations (underwriting and claims handling) risk management, 
finance, internal audit, compliance, and primary decision-making processes such 
as policy sales and renewals. 
Material Outsourcing 
Refers to an outsourcing arrangement that, if disrupted, has the potential to 
significantly impact on the business operations, reputation, or profitability. 
Policyholder Data 
(Client) 
Refers to any information or document relating to the affairs of a policyholder 
(whether kept physically or electronically and whether held by a third party). 
Financial Data 
Refers to all financial data including books of policies, general and sub-ledger, 
financial statements, and various financial data other than policyholder data. 
Overseas 
Refers to locations outside of Saudi Arabia in which entities are subject to other 
jurisdictions’ laws and regulations. 
IA 
Insurance Authority (erstwhile SAMA) 
ABC 
ABC Digital Insurance Agency 
1.8 Document Control 
• 
The contents of this document are confidential and are ONLY intended for internal use at the Company. 
This document should always be kept in a safe place and must not be copied or revealed to third parties, 
• 
The hard copy of this document shall remain in custody of GRC Function, 
• 
Distribution of this document, in whole or in part, shall be made only as approved by the GRC Function, 
• 
Relevant sections of this Policy must be read by the concerned employees of the Company to ensure 
compliance with the Outsourcing SOP.",Medium
5.2,"Sections 12(1)(c) of the Acts provide that the Registrar may prohibit an insurer from
carrying on insurance business, inter alia, if an insurer is not able to satisfy the
Registrar as to the matters referred to in section X3\(bXi).

This means that an insurer must at all times -","Insurers must address the requirement described in section 5.2: Sections 12(1)(c) of the Acts provide that the Registrar may prohibit an insurer from carrying on insurance business, inter alia, if an insurer is not able to satisfy the Registrar as to the matters referred to in section X3\(bXi). This...",Legal & Compliance,Legal & Compliance,Regulatory Compliance,Partially Covered,"Policy partially addresses the obligation. Update the policy to explicitly cover the missing requirement, control owner, review frequency, and evidence expectations.",9,"6. Overseas outsourcing arrangements 
GRC Function should for any proposed outsourcing arrangements involving transmission, processing, 
and retention of policyholder data and/or financial data and/or material outsourcing to a third party 
located overseas (including head offices and/or regional offices and/or affiliated entities of insurers), 
must provide the following information to Insurance Authority accompanying the request:  
a. Details of the function to be outsourced, 
b. Categorization of the function (material or non-material outsourcing), 
c. Reason for outsourcing, 
d. Details on the third party located overseas (i.e., name, country, address, license, activity, etc.), 
e. Details on the nature and disposal of the data to be transferred, 
f. 
Details on the confidentiality agreement with the third party, 
Confirmation in writing from ABC by a legal opinion affirming ABC’s right of access to the outsourcing 
activity at the third party (Service Provider), in which the third party must guarantee to abide by the 
legal clause. (Alternatively, ABC may use a standard clause approved by Insurance Authority in its 
contract, instead of the legal opinion). 
7. Risk identification and mitigation measures 
Risk identification 
Related Mitigation Measures 
Outsourcing objectives are not 
aligned with the overall business 
strategy and the target operating 
model 
Clear alignment between the material outsourcing arrangement 
and the overall business strategy ensures the target operating 
model. 
Scope and requirements not fully 
understood 
A scope assessment should be both comprehensive in scope and 
flexible enough to support current and future requirements. 
Business case not covering all 
aspects of the material outsourcing 
arrangement 
A solid business case with a current assessment of financial, 
operational, and organizational needs to provide a baseline for 
evaluating a material outsourcing arrangement. This provides 
valuable insights into the total cost of the material outsourcing 
arrangement and the trade-offs. 
The third party may not have the 
plans, tools, systems, and 
resources to manage the material 
outsourcing arrangements 
Change management programs identify and mitigate capability and 
communication gaps and include planning and implementation that 
determine the pace and success of the material outsourcing 
arrangement. 
Managing the many risks raised by the material outsourcing arrangement will be adopted to align the 
objectives, internal and external resources, implements sound governance and controls, and address 
all relevant regulatory and compliance matters.  
Such an approach will include the ability to measure, track and manage all risks associated with specific 
material outsourcing arrangements.",Medium
4.3.1,"be able to demonstrate that it has the organisation or management that is
necessary and adequate for the carrying on of the business concerned; and",This section provides contextual or background information and does not create a direct compliance obligation.,Governance,Legal & Compliance,Regulatory Compliance,Not Applicable / Informational,This item appears to provide context or background rather than a direct policy obligation; no policy amendment is required unless management wants to reference it for completeness.,9,"6. Overseas outsourcing arrangements 
GRC Function should for any proposed outsourcing arrangements involving transmission, processing, 
and retention of policyholder data and/or financial data and/or material outsourcing to a third party 
located overseas (including head offices and/or regional offices and/or affiliated entities of insurers), 
must provide the following information to Insurance Authority accompanying the request:  
a. Details of the function to be outsourced, 
b. Categorization of the function (material or non-material outsourcing), 
c. Reason for outsourcing, 
d. Details on the third party located overseas (i.e., name, country, address, license, activity, etc.), 
e. Details on the nature and disposal of the data to be transferred, 
f. 
Details on the confidentiality agreement with the third party, 
Confirmation in writing from ABC by a legal opinion affirming ABC’s right of access to the outsourcing 
activity at the third party (Service Provider), in which the third party must guarantee to abide by the 
legal clause. (Alternatively, ABC may use a standard clause approved by Insurance Authority in its 
contract, instead of the legal opinion). 
7. Risk identification and mitigation measures 
Risk identification 
Related Mitigation Measures 
Outsourcing objectives are not 
aligned with the overall business 
strategy and the target operating 
model 
Clear alignment between the material outsourcing arrangement 
and the overall business strategy ensures the target operating 
model. 
Scope and requirements not fully 
understood 
A scope assessment should be both comprehensive in scope and 
flexible enough to support current and future requirements. 
Business case not covering all 
aspects of the material outsourcing 
arrangement 
A solid business case with a current assessment of financial, 
operational, and organizational needs to provide a baseline for 
evaluating a material outsourcing arrangement. This provides 
valuable insights into the total cost of the material outsourcing 
arrangement and the trade-offs. 
The third party may not have the 
plans, tools, systems, and 
resources to manage the material 
outsourcing arrangements 
Change management programs identify and mitigate capability and 
communication gaps and include planning and implementation that 
determine the pace and success of the material outsourcing 
arrangement. 
Managing the many risks raised by the material outsourcing arrangement will be adopted to align the 
objectives, internal and external resources, implements sound governance and controls, and address 
all relevant regulatory and compliance matters.  
Such an approach will include the ability to measure, track and manage all risks associated with specific 
material outsourcing arrangements.",Low
4.3.2,"have an appropriate governance framework relating to outsourcing in place
to ensure that it effectively manages risks and meets regulatory obligations.

CLARIFICATION AND APPLICATION OF TERMINOLOGY USED IN DIRECTIVE

For purposes of this Directive, any word or expression to which a meaning has
been assigned in the Acts has the meaning so assigned to it, and -",Insurers must address the requirement described in section 4.3.2: have an appropriate governance framework relating to outsourcing in place to ensure that it effectively manages risks and meets regulatory obligations. CLARIFICATION AND APPLICATION OF TERMINOLOGY USED IN DIRECTIVE For purposes of this D...,Legal & Compliance,Legal & Compliance,Regulatory Compliance,Partially Covered,"Policy partially addresses the obligation. Update the policy to explicitly cover the missing requirement, control owner, review frequency, and evidence expectations.",4,"1.2 Purpose 
ABC’s Outsourcing Policy is to ensure:  
• 
That the company’s exposure to material outsourcing risk is mitigated, 
• 
That the material outsourcing arrangements are conducted as effectively and efficiently, 
• 
That the material outsourcing monitoring systems are implemented and maintained, 
• 
That the material outsourcing arrangements consistently comply with regulatory requirements, 
• 
The protection of policyholder(clients) data and financial data; and 
• 
The obligations and responsibilities of all employees involved in the material outsourcing process. 
ABC in terms of compliance will establish and maintain:  
• 
Appropriate documented internal monitoring controls and procedures, 
• 
Monitoring systems appropriate to the material outsourcing arrangement, 
• 
Annual due diligence of the third party, 
• 
Timely reporting of all material outsourcing arrangements (depending on the level, complexity, and 
materiality), 
• 
A record-keeping system of all outsourcing arrangements.",Medium
5.1.1,"“contro! function” means the risk management function, the compliance
function, the actuarial control function and the internal audit function;",This section provides contextual or background information and does not create a direct compliance obligation.,Risk Management,Risk Management,Enterprise Risk Management,Not Applicable / Informational,This item appears to provide context or background rather than a direct policy obligation; no policy amendment is required unless management wants to reference it for completeness.,9,"6. Overseas outsourcing arrangements 
GRC Function should for any proposed outsourcing arrangements involving transmission, processing, 
and retention of policyholder data and/or financial data and/or material outsourcing to a third party 
located overseas (including head offices and/or regional offices and/or affiliated entities of insurers), 
must provide the following information to Insurance Authority accompanying the request:  
a. Details of the function to be outsourced, 
b. Categorization of the function (material or non-material outsourcing), 
c. Reason for outsourcing, 
d. Details on the third party located overseas (i.e., name, country, address, license, activity, etc.), 
e. Details on the nature and disposal of the data to be transferred, 
f. 
Details on the confidentiality agreement with the third party, 
Confirmation in writing from ABC by a legal opinion affirming ABC’s right of access to the outsourcing 
activity at the third party (Service Provider), in which the third party must guarantee to abide by the 
legal clause. (Alternatively, ABC may use a standard clause approved by Insurance Authority in its 
contract, instead of the legal opinion). 
7. Risk identification and mitigation measures 
Risk identification 
Related Mitigation Measures 
Outsourcing objectives are not 
aligned with the overall business 
strategy and the target operating 
model 
Clear alignment between the material outsourcing arrangement 
and the overall business strategy ensures the target operating 
model. 
Scope and requirements not fully 
understood 
A scope assessment should be both comprehensive in scope and 
flexible enough to support current and future requirements. 
Business case not covering all 
aspects of the material outsourcing 
arrangement 
A solid business case with a current assessment of financial, 
operational, and organizational needs to provide a baseline for 
evaluating a material outsourcing arrangement. This provides 
valuable insights into the total cost of the material outsourcing 
arrangement and the trade-offs. 
The third party may not have the 
plans, tools, systems, and 
resources to manage the material 
outsourcing arrangements 
Change management programs identify and mitigate capability and 
communication gaps and include planning and implementation that 
determine the pace and success of the material outsourcing 
arrangement. 
Managing the many risks raised by the material outsourcing arrangement will be adopted to align the 
objectives, internal and external resources, implements sound governance and controls, and address 
all relevant regulatory and compliance matters.  
Such an approach will include the ability to measure, track and manage all risks associated with specific 
material outsourcing arrangements.",Low
5.1.2,"“management function” means a function usually performed by a
managing executive;",This section provides contextual or background information and does not create a direct compliance obligation.,Governance,Legal & Compliance,Regulatory Compliance,Not Applicable / Informational,This item appears to provide context or background rather than a direct policy obligation; no policy amendment is required unless management wants to reference it for completeness.,9,"6. Overseas outsourcing arrangements 
GRC Function should for any proposed outsourcing arrangements involving transmission, processing, 
and retention of policyholder data and/or financial data and/or material outsourcing to a third party 
located overseas (including head offices and/or regional offices and/or affiliated entities of insurers), 
must provide the following information to Insurance Authority accompanying the request:  
a. Details of the function to be outsourced, 
b. Categorization of the function (material or non-material outsourcing), 
c. Reason for outsourcing, 
d. Details on the third party located overseas (i.e., name, country, address, license, activity, etc.), 
e. Details on the nature and disposal of the data to be transferred, 
f. 
Details on the confidentiality agreement with the third party, 
Confirmation in writing from ABC by a legal opinion affirming ABC’s right of access to the outsourcing 
activity at the third party (Service Provider), in which the third party must guarantee to abide by the 
legal clause. (Alternatively, ABC may use a standard clause approved by Insurance Authority in its 
contract, instead of the legal opinion). 
7. Risk identification and mitigation measures 
Risk identification 
Related Mitigation Measures 
Outsourcing objectives are not 
aligned with the overall business 
strategy and the target operating 
model 
Clear alignment between the material outsourcing arrangement 
and the overall business strategy ensures the target operating 
model. 
Scope and requirements not fully 
understood 
A scope assessment should be both comprehensive in scope and 
flexible enough to support current and future requirements. 
Business case not covering all 
aspects of the material outsourcing 
arrangement 
A solid business case with a current assessment of financial, 
operational, and organizational needs to provide a baseline for 
evaluating a material outsourcing arrangement. This provides 
valuable insights into the total cost of the material outsourcing 
arrangement and the trade-offs. 
The third party may not have the 
plans, tools, systems, and 
resources to manage the material 
outsourcing arrangements 
Change management programs identify and mitigate capability and 
communication gaps and include planning and implementation that 
determine the pace and success of the material outsourcing 
arrangement. 
Managing the many risks raised by the material outsourcing arrangement will be adopted to align the 
objectives, internal and external resources, implements sound governance and controls, and address 
all relevant regulatory and compliance matters.  
Such an approach will include the ability to measure, track and manage all risks associated with specific 
material outsourcing arrangements.",Low
5.1.3,"“material function” includes any function that has the potential, if
disrupted, to have a significant impact on the insurer’s insurance business
operations or ability to manage risks effectively, including risks to the fair
treatment of customers; and",This section provides contextual or background information and does not create a direct compliance obligation.,Risk Management,Risk Management,Enterprise Risk Management,Not Applicable / Informational,This item appears to provide context or background rather than a direct policy obligation; no policy amendment is required unless management wants to reference it for completeness.,9,"6. Overseas outsourcing arrangements 
GRC Function should for any proposed outsourcing arrangements involving transmission, processing, 
and retention of policyholder data and/or financial data and/or material outsourcing to a third party 
located overseas (including head offices and/or regional offices and/or affiliated entities of insurers), 
must provide the following information to Insurance Authority accompanying the request:  
a. Details of the function to be outsourced, 
b. Categorization of the function (material or non-material outsourcing), 
c. Reason for outsourcing, 
d. Details on the third party located overseas (i.e., name, country, address, license, activity, etc.), 
e. Details on the nature and disposal of the data to be transferred, 
f. 
Details on the confidentiality agreement with the third party, 
Confirmation in writing from ABC by a legal opinion affirming ABC’s right of access to the outsourcing 
activity at the third party (Service Provider), in which the third party must guarantee to abide by the 
legal clause. (Alternatively, ABC may use a standard clause approved by Insurance Authority in its 
contract, instead of the legal opinion). 
7. Risk identification and mitigation measures 
Risk identification 
Related Mitigation Measures 
Outsourcing objectives are not 
aligned with the overall business 
strategy and the target operating 
model 
Clear alignment between the material outsourcing arrangement 
and the overall business strategy ensures the target operating 
model. 
Scope and requirements not fully 
understood 
A scope assessment should be both comprehensive in scope and 
flexible enough to support current and future requirements. 
Business case not covering all 
aspects of the material outsourcing 
arrangement 
A solid business case with a current assessment of financial, 
operational, and organizational needs to provide a baseline for 
evaluating a material outsourcing arrangement. This provides 
valuable insights into the total cost of the material outsourcing 
arrangement and the trade-offs. 
The third party may not have the 
plans, tools, systems, and 
resources to manage the material 
outsourcing arrangements 
Change management programs identify and mitigate capability and 
communication gaps and include planning and implementation that 
determine the pace and success of the material outsourcing 
arrangement. 
Managing the many risks raised by the material outsourcing arrangement will be adopted to align the 
objectives, internal and external resources, implements sound governance and controls, and address 
all relevant regulatory and compliance matters.  
Such an approach will include the ability to measure, track and manage all risks associated with specific 
material outsourcing arrangements.",Low
5.1.4,"“outsourcing” means an arrangement of any form between an insurer and
ancther person, whether that person is supervised under any law or not, in
terms of which that party performs a function or an activity, whether directly
or by sub-outsourcing, which would otherwise be performed by the insurer
itself.

An insurer, in respect of every outsourcing to another person, must determine if the
outsourcing constitutes the outsourcing of a control, management or material
function for purposes of this Directive. In making the determination as to whether a
function is a material function, an insurer must, amongst others, consider -","Insurers must address the requirement described in section 5.1.4: “outsourcing” means an arrangement of any form between an insurer and ancther person, whether that person is supervised under any law or not, in terms of which that party performs a function or an activity, whether directly or by sub-out...",Legal & Compliance,Legal & Compliance,Regulatory Compliance,Partially Covered,"Policy partially addresses the obligation. Update the policy to explicitly cover the missing requirement, control owner, review frequency, and evidence expectations.",9,"6. Overseas outsourcing arrangements 
GRC Function should for any proposed outsourcing arrangements involving transmission, processing, 
and retention of policyholder data and/or financial data and/or material outsourcing to a third party 
located overseas (including head offices and/or regional offices and/or affiliated entities of insurers), 
must provide the following information to Insurance Authority accompanying the request:  
a. Details of the function to be outsourced, 
b. Categorization of the function (material or non-material outsourcing), 
c. Reason for outsourcing, 
d. Details on the third party located overseas (i.e., name, country, address, license, activity, etc.), 
e. Details on the nature and disposal of the data to be transferred, 
f. 
Details on the confidentiality agreement with the third party, 
Confirmation in writing from ABC by a legal opinion affirming ABC’s right of access to the outsourcing 
activity at the third party (Service Provider), in which the third party must guarantee to abide by the 
legal clause. (Alternatively, ABC may use a standard clause approved by Insurance Authority in its 
contract, instead of the legal opinion). 
7. Risk identification and mitigation measures 
Risk identification 
Related Mitigation Measures 
Outsourcing objectives are not 
aligned with the overall business 
strategy and the target operating 
model 
Clear alignment between the material outsourcing arrangement 
and the overall business strategy ensures the target operating 
model. 
Scope and requirements not fully 
understood 
A scope assessment should be both comprehensive in scope and 
flexible enough to support current and future requirements. 
Business case not covering all 
aspects of the material outsourcing 
arrangement 
A solid business case with a current assessment of financial, 
operational, and organizational needs to provide a baseline for 
evaluating a material outsourcing arrangement. This provides 
valuable insights into the total cost of the material outsourcing 
arrangement and the trade-offs. 
The third party may not have the 
plans, tools, systems, and 
resources to manage the material 
outsourcing arrangements 
Change management programs identify and mitigate capability and 
communication gaps and include planning and implementation that 
determine the pace and success of the material outsourcing 
arrangement. 
Managing the many risks raised by the material outsourcing arrangement will be adopted to align the 
objectives, internal and external resources, implements sound governance and controls, and address 
all relevant regulatory and compliance matters.  
Such an approach will include the ability to measure, track and manage all risks associated with specific 
material outsourcing arrangements.",Medium
5.2.1,"the potential impact of the outsourcing en the policyholders, finances,
reputation and insurance business operations of the insurer, or a significant
part of the insurance business of the insurer, particularly where the other
person may fail to perform over a given period of time;",This section provides contextual or background information and does not create a direct compliance obligation.,Risk Management,Operations,Business Operations,Not Applicable / Informational,This item appears to provide context or background rather than a direct policy obligation; no policy amendment is required unless management wants to reference it for completeness.,9,"6. Overseas outsourcing arrangements 
GRC Function should for any proposed outsourcing arrangements involving transmission, processing, 
and retention of policyholder data and/or financial data and/or material outsourcing to a third party 
located overseas (including head offices and/or regional offices and/or affiliated entities of insurers), 
must provide the following information to Insurance Authority accompanying the request:  
a. Details of the function to be outsourced, 
b. Categorization of the function (material or non-material outsourcing), 
c. Reason for outsourcing, 
d. Details on the third party located overseas (i.e., name, country, address, license, activity, etc.), 
e. Details on the nature and disposal of the data to be transferred, 
f. 
Details on the confidentiality agreement with the third party, 
Confirmation in writing from ABC by a legal opinion affirming ABC’s right of access to the outsourcing 
activity at the third party (Service Provider), in which the third party must guarantee to abide by the 
legal clause. (Alternatively, ABC may use a standard clause approved by Insurance Authority in its 
contract, instead of the legal opinion). 
7. Risk identification and mitigation measures 
Risk identification 
Related Mitigation Measures 
Outsourcing objectives are not 
aligned with the overall business 
strategy and the target operating 
model 
Clear alignment between the material outsourcing arrangement 
and the overall business strategy ensures the target operating 
model. 
Scope and requirements not fully 
understood 
A scope assessment should be both comprehensive in scope and 
flexible enough to support current and future requirements. 
Business case not covering all 
aspects of the material outsourcing 
arrangement 
A solid business case with a current assessment of financial, 
operational, and organizational needs to provide a baseline for 
evaluating a material outsourcing arrangement. This provides 
valuable insights into the total cost of the material outsourcing 
arrangement and the trade-offs. 
The third party may not have the 
plans, tools, systems, and 
resources to manage the material 
outsourcing arrangements 
Change management programs identify and mitigate capability and 
communication gaps and include planning and implementation that 
determine the pace and success of the material outsourcing 
arrangement. 
Managing the many risks raised by the material outsourcing arrangement will be adopted to align the 
objectives, internal and external resources, implements sound governance and controls, and address 
all relevant regulatory and compliance matters.  
Such an approach will include the ability to measure, track and manage all risks associated with specific 
material outsourcing arrangements.",Low
5.2.2,"the ability of the insurer to maintain appropriate internal controls and meet



--- Page 4 ---",Insurers must address the requirement described in section 5.2.2: the ability of the insurer to maintain appropriate internal controls and meet --- Page 4 ---,Risk Management,Legal & Compliance,Regulatory Compliance,Completely Covered,No gap identified. The uploaded policy appears to cover this obligation.,4,"1.2 Purpose 
ABC’s Outsourcing Policy is to ensure:  
• 
That the company’s exposure to material outsourcing risk is mitigated, 
• 
That the material outsourcing arrangements are conducted as effectively and efficiently, 
• 
That the material outsourcing monitoring systems are implemented and maintained, 
• 
That the material outsourcing arrangements consistently comply with regulatory requirements, 
• 
The protection of policyholder(clients) data and financial data; and 
• 
The obligations and responsibilities of all employees involved in the material outsourcing process. 
ABC in terms of compliance will establish and maintain:  
• 
Appropriate documented internal monitoring controls and procedures, 
• 
Monitoring systems appropriate to the material outsourcing arrangement, 
• 
Annual due diligence of the third party, 
• 
Timely reporting of all material outsourcing arrangements (depending on the level, complexity, and 
materiality), 
• 
A record-keeping system of all outsourcing arrangements.",Low
6.4,regulatory requirements; and,Insurers must address the requirement described in section 6.4: regulatory requirements; and,Informational / Context,Legal & Compliance,Regulatory Compliance,Completely Covered,No gap identified. The uploaded policy appears to cover this obligation.,9,"6. Overseas outsourcing arrangements 
GRC Function should for any proposed outsourcing arrangements involving transmission, processing, 
and retention of policyholder data and/or financial data and/or material outsourcing to a third party 
located overseas (including head offices and/or regional offices and/or affiliated entities of insurers), 
must provide the following information to Insurance Authority accompanying the request:  
a. Details of the function to be outsourced, 
b. Categorization of the function (material or non-material outsourcing), 
c. Reason for outsourcing, 
d. Details on the third party located overseas (i.e., name, country, address, license, activity, etc.), 
e. Details on the nature and disposal of the data to be transferred, 
f. 
Details on the confidentiality agreement with the third party, 
Confirmation in writing from ABC by a legal opinion affirming ABC’s right of access to the outsourcing 
activity at the third party (Service Provider), in which the third party must guarantee to abide by the 
legal clause. (Alternatively, ABC may use a standard clause approved by Insurance Authority in its 
contract, instead of the legal opinion). 
7. Risk identification and mitigation measures 
Risk identification 
Related Mitigation Measures 
Outsourcing objectives are not 
aligned with the overall business 
strategy and the target operating 
model 
Clear alignment between the material outsourcing arrangement 
and the overall business strategy ensures the target operating 
model. 
Scope and requirements not fully 
understood 
A scope assessment should be both comprehensive in scope and 
flexible enough to support current and future requirements. 
Business case not covering all 
aspects of the material outsourcing 
arrangement 
A solid business case with a current assessment of financial, 
operational, and organizational needs to provide a baseline for 
evaluating a material outsourcing arrangement. This provides 
valuable insights into the total cost of the material outsourcing 
arrangement and the trade-offs. 
The third party may not have the 
plans, tools, systems, and 
resources to manage the material 
outsourcing arrangements 
Change management programs identify and mitigate capability and 
communication gaps and include planning and implementation that 
determine the pace and success of the material outsourcing 
arrangement. 
Managing the many risks raised by the material outsourcing arrangement will be adopted to align the 
objectives, internal and external resources, implements sound governance and controls, and address 
all relevant regulatory and compliance matters.  
Such an approach will include the ability to measure, track and manage all risks associated with specific 
material outsourcing arrangements.",Low
5.2.3,"the degree of difficulty and time associated with replacing the other person
or performing the function or activity “in-house”.

KEY PRINCIPLES INFORMING OUTSOURCING
General principle

The board of directors and managing executives of an insurer remain responsible
for the insurance business of the insurer, regardless of any outsourcing.

Principles with which any outsourcing must comply
An insurer may not outsource any function or activity if that outsourcing may —",Insurers must address the requirement described in section 5.2.3: the degree of difficulty and time associated with replacing the other person or performing the function or activity “in-house”. KEY PRINCIPLES INFORMING OUTSOURCING General principle The board of directors and managing executives of an i...,Legal & Compliance,Legal & Compliance,Regulatory Compliance,Partially Covered,"Policy partially addresses the obligation. Update the policy to explicitly cover the missing requirement, control owner, review frequency, and evidence expectations.",9,"6. Overseas outsourcing arrangements 
GRC Function should for any proposed outsourcing arrangements involving transmission, processing, 
and retention of policyholder data and/or financial data and/or material outsourcing to a third party 
located overseas (including head offices and/or regional offices and/or affiliated entities of insurers), 
must provide the following information to Insurance Authority accompanying the request:  
a. Details of the function to be outsourced, 
b. Categorization of the function (material or non-material outsourcing), 
c. Reason for outsourcing, 
d. Details on the third party located overseas (i.e., name, country, address, license, activity, etc.), 
e. Details on the nature and disposal of the data to be transferred, 
f. 
Details on the confidentiality agreement with the third party, 
Confirmation in writing from ABC by a legal opinion affirming ABC’s right of access to the outsourcing 
activity at the third party (Service Provider), in which the third party must guarantee to abide by the 
legal clause. (Alternatively, ABC may use a standard clause approved by Insurance Authority in its 
contract, instead of the legal opinion). 
7. Risk identification and mitigation measures 
Risk identification 
Related Mitigation Measures 
Outsourcing objectives are not 
aligned with the overall business 
strategy and the target operating 
model 
Clear alignment between the material outsourcing arrangement 
and the overall business strategy ensures the target operating 
model. 
Scope and requirements not fully 
understood 
A scope assessment should be both comprehensive in scope and 
flexible enough to support current and future requirements. 
Business case not covering all 
aspects of the material outsourcing 
arrangement 
A solid business case with a current assessment of financial, 
operational, and organizational needs to provide a baseline for 
evaluating a material outsourcing arrangement. This provides 
valuable insights into the total cost of the material outsourcing 
arrangement and the trade-offs. 
The third party may not have the 
plans, tools, systems, and 
resources to manage the material 
outsourcing arrangements 
Change management programs identify and mitigate capability and 
communication gaps and include planning and implementation that 
determine the pace and success of the material outsourcing 
arrangement. 
Managing the many risks raised by the material outsourcing arrangement will be adopted to align the 
objectives, internal and external resources, implements sound governance and controls, and address 
all relevant regulatory and compliance matters.  
Such an approach will include the ability to measure, track and manage all risks associated with specific 
material outsourcing arrangements.",Medium
6.2.1,materially increase risk to the insurer;,This section provides contextual or background information and does not create a direct compliance obligation.,Risk Management,Risk Management,Enterprise Risk Management,Not Applicable / Informational,This item appears to provide context or background rather than a direct policy obligation; no policy amendment is required unless management wants to reference it for completeness.,9,"6. Overseas outsourcing arrangements 
GRC Function should for any proposed outsourcing arrangements involving transmission, processing, 
and retention of policyholder data and/or financial data and/or material outsourcing to a third party 
located overseas (including head offices and/or regional offices and/or affiliated entities of insurers), 
must provide the following information to Insurance Authority accompanying the request:  
a. Details of the function to be outsourced, 
b. Categorization of the function (material or non-material outsourcing), 
c. Reason for outsourcing, 
d. Details on the third party located overseas (i.e., name, country, address, license, activity, etc.), 
e. Details on the nature and disposal of the data to be transferred, 
f. 
Details on the confidentiality agreement with the third party, 
Confirmation in writing from ABC by a legal opinion affirming ABC’s right of access to the outsourcing 
activity at the third party (Service Provider), in which the third party must guarantee to abide by the 
legal clause. (Alternatively, ABC may use a standard clause approved by Insurance Authority in its 
contract, instead of the legal opinion). 
7. Risk identification and mitigation measures 
Risk identification 
Related Mitigation Measures 
Outsourcing objectives are not 
aligned with the overall business 
strategy and the target operating 
model 
Clear alignment between the material outsourcing arrangement 
and the overall business strategy ensures the target operating 
model. 
Scope and requirements not fully 
understood 
A scope assessment should be both comprehensive in scope and 
flexible enough to support current and future requirements. 
Business case not covering all 
aspects of the material outsourcing 
arrangement 
A solid business case with a current assessment of financial, 
operational, and organizational needs to provide a baseline for 
evaluating a material outsourcing arrangement. This provides 
valuable insights into the total cost of the material outsourcing 
arrangement and the trade-offs. 
The third party may not have the 
plans, tools, systems, and 
resources to manage the material 
outsourcing arrangements 
Change management programs identify and mitigate capability and 
communication gaps and include planning and implementation that 
determine the pace and success of the material outsourcing 
arrangement. 
Managing the many risks raised by the material outsourcing arrangement will be adopted to align the 
objectives, internal and external resources, implements sound governance and controls, and address 
all relevant regulatory and compliance matters.  
Such an approach will include the ability to measure, track and manage all risks associated with specific 
material outsourcing arrangements.",Low
6.2.2,"of the governance framework of the insurer,
ity to manage its risks and meet its legal and

regulatory obligations;",This section provides contextual or background information and does not create a direct compliance obligation.,Risk Management,Risk Management,Enterprise Risk Management,Not Applicable / Informational,This item appears to provide context or background rather than a direct policy obligation; no policy amendment is required unless management wants to reference it for completeness.,9,"6. Overseas outsourcing arrangements 
GRC Function should for any proposed outsourcing arrangements involving transmission, processing, 
and retention of policyholder data and/or financial data and/or material outsourcing to a third party 
located overseas (including head offices and/or regional offices and/or affiliated entities of insurers), 
must provide the following information to Insurance Authority accompanying the request:  
a. Details of the function to be outsourced, 
b. Categorization of the function (material or non-material outsourcing), 
c. Reason for outsourcing, 
d. Details on the third party located overseas (i.e., name, country, address, license, activity, etc.), 
e. Details on the nature and disposal of the data to be transferred, 
f. 
Details on the confidentiality agreement with the third party, 
Confirmation in writing from ABC by a legal opinion affirming ABC’s right of access to the outsourcing 
activity at the third party (Service Provider), in which the third party must guarantee to abide by the 
legal clause. (Alternatively, ABC may use a standard clause approved by Insurance Authority in its 
contract, instead of the legal opinion). 
7. Risk identification and mitigation measures 
Risk identification 
Related Mitigation Measures 
Outsourcing objectives are not 
aligned with the overall business 
strategy and the target operating 
model 
Clear alignment between the material outsourcing arrangement 
and the overall business strategy ensures the target operating 
model. 
Scope and requirements not fully 
understood 
A scope assessment should be both comprehensive in scope and 
flexible enough to support current and future requirements. 
Business case not covering all 
aspects of the material outsourcing 
arrangement 
A solid business case with a current assessment of financial, 
operational, and organizational needs to provide a baseline for 
evaluating a material outsourcing arrangement. This provides 
valuable insights into the total cost of the material outsourcing 
arrangement and the trade-offs. 
The third party may not have the 
plans, tools, systems, and 
resources to manage the material 
outsourcing arrangements 
Change management programs identify and mitigate capability and 
communication gaps and include planning and implementation that 
determine the pace and success of the material outsourcing 
arrangement. 
Managing the many risks raised by the material outsourcing arrangement will be adopted to align the 
objectives, internal and external resources, implements sound governance and controls, and address 
all relevant regulatory and compliance matters.  
Such an approach will include the ability to measure, track and manage all risks associated with specific 
material outsourcing arrangements.",Low
6.2.3,"impair the ability of the Registrar to monitor the insurer's compliance with its
regulatory obligations; and",Insurers must address the requirement described in section 6.2.3: impair the ability of the Registrar to monitor the insurer's compliance with its regulatory obligations; and,Informational / Context,Legal & Compliance,Regulatory Compliance,Partially Covered,"Policy partially addresses the obligation. Update the policy to explicitly cover the missing requirement, control owner, review frequency, and evidence expectations.",9,"6. Overseas outsourcing arrangements 
GRC Function should for any proposed outsourcing arrangements involving transmission, processing, 
and retention of policyholder data and/or financial data and/or material outsourcing to a third party 
located overseas (including head offices and/or regional offices and/or affiliated entities of insurers), 
must provide the following information to Insurance Authority accompanying the request:  
a. Details of the function to be outsourced, 
b. Categorization of the function (material or non-material outsourcing), 
c. Reason for outsourcing, 
d. Details on the third party located overseas (i.e., name, country, address, license, activity, etc.), 
e. Details on the nature and disposal of the data to be transferred, 
f. 
Details on the confidentiality agreement with the third party, 
Confirmation in writing from ABC by a legal opinion affirming ABC’s right of access to the outsourcing 
activity at the third party (Service Provider), in which the third party must guarantee to abide by the 
legal clause. (Alternatively, ABC may use a standard clause approved by Insurance Authority in its 
contract, instead of the legal opinion). 
7. Risk identification and mitigation measures 
Risk identification 
Related Mitigation Measures 
Outsourcing objectives are not 
aligned with the overall business 
strategy and the target operating 
model 
Clear alignment between the material outsourcing arrangement 
and the overall business strategy ensures the target operating 
model. 
Scope and requirements not fully 
understood 
A scope assessment should be both comprehensive in scope and 
flexible enough to support current and future requirements. 
Business case not covering all 
aspects of the material outsourcing 
arrangement 
A solid business case with a current assessment of financial, 
operational, and organizational needs to provide a baseline for 
evaluating a material outsourcing arrangement. This provides 
valuable insights into the total cost of the material outsourcing 
arrangement and the trade-offs. 
The third party may not have the 
plans, tools, systems, and 
resources to manage the material 
outsourcing arrangements 
Change management programs identify and mitigate capability and 
communication gaps and include planning and implementation that 
determine the pace and success of the material outsourcing 
arrangement. 
Managing the many risks raised by the material outsourcing arrangement will be adopted to align the 
objectives, internal and external resources, implements sound governance and controls, and address 
all relevant regulatory and compliance matters.  
Such an approach will include the ability to measure, track and manage all risks associated with specific 
material outsourcing arrangements.",Medium
6.2.4,"compromise the fair treatment of or continuous and satisfactory service to
policyholders.

An insurer must when outsourcing any function or activity avoid, and where this is
not possible mitigate, any conflicts of interest between the insurance business of
the insurer, the interests of policyholders or the business of the other person that
performs the outsourcing.

Remuneration paid in respect of outsourcing must —","Insurers must address the requirement described in section 6.2.4: compromise the fair treatment of or continuous and satisfactory service to policyholders. An insurer must when outsourcing any function or activity avoid, and where this is not possible mitigate, any conflicts of interest between the ins...",Risk Management,Operations,Business Operations,Partially Covered,"Policy partially addresses the obligation. Update the policy to explicitly cover the missing requirement, control owner, review frequency, and evidence expectations.",9,"6. Overseas outsourcing arrangements 
GRC Function should for any proposed outsourcing arrangements involving transmission, processing, 
and retention of policyholder data and/or financial data and/or material outsourcing to a third party 
located overseas (including head offices and/or regional offices and/or affiliated entities of insurers), 
must provide the following information to Insurance Authority accompanying the request:  
a. Details of the function to be outsourced, 
b. Categorization of the function (material or non-material outsourcing), 
c. Reason for outsourcing, 
d. Details on the third party located overseas (i.e., name, country, address, license, activity, etc.), 
e. Details on the nature and disposal of the data to be transferred, 
f. 
Details on the confidentiality agreement with the third party, 
Confirmation in writing from ABC by a legal opinion affirming ABC’s right of access to the outsourcing 
activity at the third party (Service Provider), in which the third party must guarantee to abide by the 
legal clause. (Alternatively, ABC may use a standard clause approved by Insurance Authority in its 
contract, instead of the legal opinion). 
7. Risk identification and mitigation measures 
Risk identification 
Related Mitigation Measures 
Outsourcing objectives are not 
aligned with the overall business 
strategy and the target operating 
model 
Clear alignment between the material outsourcing arrangement 
and the overall business strategy ensures the target operating 
model. 
Scope and requirements not fully 
understood 
A scope assessment should be both comprehensive in scope and 
flexible enough to support current and future requirements. 
Business case not covering all 
aspects of the material outsourcing 
arrangement 
A solid business case with a current assessment of financial, 
operational, and organizational needs to provide a baseline for 
evaluating a material outsourcing arrangement. This provides 
valuable insights into the total cost of the material outsourcing 
arrangement and the trade-offs. 
The third party may not have the 
plans, tools, systems, and 
resources to manage the material 
outsourcing arrangements 
Change management programs identify and mitigate capability and 
communication gaps and include planning and implementation that 
determine the pace and success of the material outsourcing 
arrangement. 
Managing the many risks raised by the material outsourcing arrangement will be adopted to align the 
objectives, internal and external resources, implements sound governance and controls, and address 
all relevant regulatory and compliance matters.  
Such an approach will include the ability to measure, track and manage all risks associated with specific 
material outsourcing arrangements.",Medium
6.4.1,"be reasonable and commensurate with the actual function or activity
outsourced;",This section provides contextual or background information and does not create a direct compliance obligation.,Outsourcing / Third Party,Legal & Compliance,Regulatory Compliance,Not Applicable / Informational,This item appears to provide context or background rather than a direct policy obligation; no policy amendment is required unless management wants to reference it for completeness.,9,"6. Overseas outsourcing arrangements 
GRC Function should for any proposed outsourcing arrangements involving transmission, processing, 
and retention of policyholder data and/or financial data and/or material outsourcing to a third party 
located overseas (including head offices and/or regional offices and/or affiliated entities of insurers), 
must provide the following information to Insurance Authority accompanying the request:  
a. Details of the function to be outsourced, 
b. Categorization of the function (material or non-material outsourcing), 
c. Reason for outsourcing, 
d. Details on the third party located overseas (i.e., name, country, address, license, activity, etc.), 
e. Details on the nature and disposal of the data to be transferred, 
f. 
Details on the confidentiality agreement with the third party, 
Confirmation in writing from ABC by a legal opinion affirming ABC’s right of access to the outsourcing 
activity at the third party (Service Provider), in which the third party must guarantee to abide by the 
legal clause. (Alternatively, ABC may use a standard clause approved by Insurance Authority in its 
contract, instead of the legal opinion). 
7. Risk identification and mitigation measures 
Risk identification 
Related Mitigation Measures 
Outsourcing objectives are not 
aligned with the overall business 
strategy and the target operating 
model 
Clear alignment between the material outsourcing arrangement 
and the overall business strategy ensures the target operating 
model. 
Scope and requirements not fully 
understood 
A scope assessment should be both comprehensive in scope and 
flexible enough to support current and future requirements. 
Business case not covering all 
aspects of the material outsourcing 
arrangement 
A solid business case with a current assessment of financial, 
operational, and organizational needs to provide a baseline for 
evaluating a material outsourcing arrangement. This provides 
valuable insights into the total cost of the material outsourcing 
arrangement and the trade-offs. 
The third party may not have the 
plans, tools, systems, and 
resources to manage the material 
outsourcing arrangements 
Change management programs identify and mitigate capability and 
communication gaps and include planning and implementation that 
determine the pace and success of the material outsourcing 
arrangement. 
Managing the many risks raised by the material outsourcing arrangement will be adopted to align the 
objectives, internal and external resources, implements sound governance and controls, and address 
all relevant regulatory and compliance matters.  
Such an approach will include the ability to measure, track and manage all risks associated with specific 
material outsourcing arrangements.",Low
6.4.2,"not result in any function or activity in respect of which commission or a
binder fee is payable being remunerated again;",This section provides contextual or background information and does not create a direct compliance obligation.,Legal & Compliance,Legal & Compliance,Regulatory Compliance,Not Applicable / Informational,This item appears to provide context or background rather than a direct policy obligation; no policy amendment is required unless management wants to reference it for completeness.,9,"6. Overseas outsourcing arrangements 
GRC Function should for any proposed outsourcing arrangements involving transmission, processing, 
and retention of policyholder data and/or financial data and/or material outsourcing to a third party 
located overseas (including head offices and/or regional offices and/or affiliated entities of insurers), 
must provide the following information to Insurance Authority accompanying the request:  
a. Details of the function to be outsourced, 
b. Categorization of the function (material or non-material outsourcing), 
c. Reason for outsourcing, 
d. Details on the third party located overseas (i.e., name, country, address, license, activity, etc.), 
e. Details on the nature and disposal of the data to be transferred, 
f. 
Details on the confidentiality agreement with the third party, 
Confirmation in writing from ABC by a legal opinion affirming ABC’s right of access to the outsourcing 
activity at the third party (Service Provider), in which the third party must guarantee to abide by the 
legal clause. (Alternatively, ABC may use a standard clause approved by Insurance Authority in its 
contract, instead of the legal opinion). 
7. Risk identification and mitigation measures 
Risk identification 
Related Mitigation Measures 
Outsourcing objectives are not 
aligned with the overall business 
strategy and the target operating 
model 
Clear alignment between the material outsourcing arrangement 
and the overall business strategy ensures the target operating 
model. 
Scope and requirements not fully 
understood 
A scope assessment should be both comprehensive in scope and 
flexible enough to support current and future requirements. 
Business case not covering all 
aspects of the material outsourcing 
arrangement 
A solid business case with a current assessment of financial, 
operational, and organizational needs to provide a baseline for 
evaluating a material outsourcing arrangement. This provides 
valuable insights into the total cost of the material outsourcing 
arrangement and the trade-offs. 
The third party may not have the 
plans, tools, systems, and 
resources to manage the material 
outsourcing arrangements 
Change management programs identify and mitigate capability and 
communication gaps and include planning and implementation that 
determine the pace and success of the material outsourcing 
arrangement. 
Managing the many risks raised by the material outsourcing arrangement will be adopted to align the 
objectives, internal and external resources, implements sound governance and controls, and address 
all relevant regulatory and compliance matters.  
Such an approach will include the ability to measure, track and manage all risks associated with specific 
material outsourcing arrangements.",Low
6.4.3,"not be siructured in a manner that may increase the risk of unfair treatment
of policyholders; and",This section provides contextual or background information and does not create a direct compliance obligation.,Risk Management,Risk Management,Enterprise Risk Management,Not Applicable / Informational,This item appears to provide context or background rather than a direct policy obligation; no policy amendment is required unless management wants to reference it for completeness.,9,"6. Overseas outsourcing arrangements 
GRC Function should for any proposed outsourcing arrangements involving transmission, processing, 
and retention of policyholder data and/or financial data and/or material outsourcing to a third party 
located overseas (including head offices and/or regional offices and/or affiliated entities of insurers), 
must provide the following information to Insurance Authority accompanying the request:  
a. Details of the function to be outsourced, 
b. Categorization of the function (material or non-material outsourcing), 
c. Reason for outsourcing, 
d. Details on the third party located overseas (i.e., name, country, address, license, activity, etc.), 
e. Details on the nature and disposal of the data to be transferred, 
f. 
Details on the confidentiality agreement with the third party, 
Confirmation in writing from ABC by a legal opinion affirming ABC’s right of access to the outsourcing 
activity at the third party (Service Provider), in which the third party must guarantee to abide by the 
legal clause. (Alternatively, ABC may use a standard clause approved by Insurance Authority in its 
contract, instead of the legal opinion). 
7. Risk identification and mitigation measures 
Risk identification 
Related Mitigation Measures 
Outsourcing objectives are not 
aligned with the overall business 
strategy and the target operating 
model 
Clear alignment between the material outsourcing arrangement 
and the overall business strategy ensures the target operating 
model. 
Scope and requirements not fully 
understood 
A scope assessment should be both comprehensive in scope and 
flexible enough to support current and future requirements. 
Business case not covering all 
aspects of the material outsourcing 
arrangement 
A solid business case with a current assessment of financial, 
operational, and organizational needs to provide a baseline for 
evaluating a material outsourcing arrangement. This provides 
valuable insights into the total cost of the material outsourcing 
arrangement and the trade-offs. 
The third party may not have the 
plans, tools, systems, and 
resources to manage the material 
outsourcing arrangements 
Change management programs identify and mitigate capability and 
communication gaps and include planning and implementation that 
determine the pace and success of the material outsourcing 
arrangement. 
Managing the many risks raised by the material outsourcing arrangement will be adopted to align the 
objectives, internal and external resources, implements sound governance and controls, and address 
all relevant regulatory and compliance matters.  
Such an approach will include the ability to measure, track and manage all risks associated with specific 
material outsourcing arrangements.",Low
6.4.4,"not be linked to the monetary value of insurance claims repudiated, paid, not
paid or partially paid.



--- Page 5 ---
7A",This section provides contextual or background information and does not create a direct compliance obligation.,Informational / Context,Legal & Compliance,Regulatory Compliance,Not Applicable / Informational,This item appears to provide context or background rather than a direct policy obligation; no policy amendment is required unless management wants to reference it for completeness.,9,"6. Overseas outsourcing arrangements 
GRC Function should for any proposed outsourcing arrangements involving transmission, processing, 
and retention of policyholder data and/or financial data and/or material outsourcing to a third party 
located overseas (including head offices and/or regional offices and/or affiliated entities of insurers), 
must provide the following information to Insurance Authority accompanying the request:  
a. Details of the function to be outsourced, 
b. Categorization of the function (material or non-material outsourcing), 
c. Reason for outsourcing, 
d. Details on the third party located overseas (i.e., name, country, address, license, activity, etc.), 
e. Details on the nature and disposal of the data to be transferred, 
f. 
Details on the confidentiality agreement with the third party, 
Confirmation in writing from ABC by a legal opinion affirming ABC’s right of access to the outsourcing 
activity at the third party (Service Provider), in which the third party must guarantee to abide by the 
legal clause. (Alternatively, ABC may use a standard clause approved by Insurance Authority in its 
contract, instead of the legal opinion). 
7. Risk identification and mitigation measures 
Risk identification 
Related Mitigation Measures 
Outsourcing objectives are not 
aligned with the overall business 
strategy and the target operating 
model 
Clear alignment between the material outsourcing arrangement 
and the overall business strategy ensures the target operating 
model. 
Scope and requirements not fully 
understood 
A scope assessment should be both comprehensive in scope and 
flexible enough to support current and future requirements. 
Business case not covering all 
aspects of the material outsourcing 
arrangement 
A solid business case with a current assessment of financial, 
operational, and organizational needs to provide a baseline for 
evaluating a material outsourcing arrangement. This provides 
valuable insights into the total cost of the material outsourcing 
arrangement and the trade-offs. 
The third party may not have the 
plans, tools, systems, and 
resources to manage the material 
outsourcing arrangements 
Change management programs identify and mitigate capability and 
communication gaps and include planning and implementation that 
determine the pace and success of the material outsourcing 
arrangement. 
Managing the many risks raised by the material outsourcing arrangement will be adopted to align the 
objectives, internal and external resources, implements sound governance and controls, and address 
all relevant regulatory and compliance matters.  
Such an approach will include the ability to measure, track and manage all risks associated with specific 
material outsourcing arrangements.",Low
75,"eee

= ae

Pee eee 2

The principles referred to under paragraphs 6.1 to 6.4 also apply to any sub-
outsourcing of an outsourcing by another person, where that other person is
authorised to sub-outsource under the outsourcing contract between the insurer
and that other person.

KEY REQUIREMENTS FOR OUTSOURCING

Outsourcing policy

An insurer that outsources any aspect of its insurance business must have an
outsourcing policy approved by its board of directors.

An outsourcing policy must, at least —","Insurers must address the requirement described in section 75: eee = ae Pee eee 2 The principles referred to under paragraphs 6.1 to 6.4 also apply to any sub- outsourcing of an outsourcing by another person, where that other person is authorised to sub-outsource under the outsourcing contract betwe...",Governance,Legal & Compliance,Regulatory Compliance,Partially Covered,"Policy partially addresses the obligation. Update the policy to explicitly cover the missing requirement, control owner, review frequency, and evidence expectations.",11,"The evaluation process should include an assessment of the third party’s control framework, covering 
performance standards, policies, procedures, compliance, reporting, and monitoring processes.  
The due diligence should also address other issues, such as business strategy, reputation, 
experience with the proposed outsourced function, reliance on and performance of external third 
party, insurance coverage, business continuity management, and potential conflict of interest where 
the third party is related to ABC or has arrangements with competitors.  
The review process should be made on a yearly basis and retain the necessary expertise to supervise 
the outsourced activity effectively. 
Overseas Outsourcing 
In addition to the general due diligence process outlined above, in assessing whether to approve an 
application to offshore a Material Outsourcing Arrangement, would expect to consider the risks which 
could arise from overseas Outsourcing, including:  
• 
Country risk - the risk that overseas economic, political, and/or social events will impact the ability 
of the overseas third party to continue to provide an outsourced service to ABC.  
• 
Compliance (legal) risk - the risk that overseas outsourcing arrangements will impact ABC’s ability 
to comply with relevant Saudi Arabia and overseas laws and regulations (including accounting 
practices). 
• 
Contractual risk - the risk that ABC’s ability to enforce the overseas outsourcing agreement may 
be partly or completely hindered. 
• 
Access risk - the risk that the ability of ABC to obtain information and to retain records may be 
partly or completely hindered. This risk also refers to the potential difficulties or inability of ABC to 
access the third party and the material function activity being conducted. 
• 
Counterparty risk - the risk arising from the third party’s failure to meet the terms of any contract 
with ABC or to otherwise perform as agreed. 
• 
Brand risk – the risk arising from the third party’s failure to protect or respond to the damage done 
to ABC’s reputation including through contagion. 
• 
Security risk – the risk arising from the third party’s failure to have secure systems to protect their 
held data against cyberattacks or internal system breaches.  
These and other additional risks should be specifically addressed during the preparation of a business 
case when conducting the due diligence and during contract negotiations. Where ABC approves the 
overseas material outsourcing arrangement, these risks should also be considered when conducting 
the ongoing monitoring and control of that Material Outsourcing Arrangement. Specific risk 
management expertise is required when assessing, monitoring, and controlling material business 
activities outsourced to service providers conducting the activities outside Saudi Arabia.  
The risk assessment will also cover the impact of the material outsourcing arrangement in terms of its:  
• 
Overall risk profile and appetite; and  
• 
Systems and controls.",Medium
7.25,"give effect to the principles referred to in paragraph 6 above;

set limits on the types and overall level of outsourced functions or activities
at the insurer and the extent to which activities can be outsourced to the
same person;

provide guidance on the contractual risks and any other risk issues to be
assessed, monitored and managed in outsourcing (Annexure A provides
guidance on the types of risks that could be considered);

provide for the intemal review and approval of any outsourcing of a control,
management or material function in a manner consistent with that set out in
paragraph 7.5 below; and

provide for the appropriate management and regular review of any
outsourcing of a control, management or material function, in particular to
assess the impact on operational risk, if any, and any issues that may arise
from such arrangements with respect to market conduct and fair treatment of
customers consistent with that set out in paragraphs 7.9 to 7.11.

The outsourcing policy of an insurer must be reviewed at least annually and be
adapted in view of any significant changes.

An insurer must ensure that all its affected business units and staff are aware of,
and comply with, the outsourcing policy.

internat review and approvats

An insurer must prior to outsourcing any control, management or material function -



--- Page 6 ---
Directive 159.A.i (LT & ST} - Compliance with sections 9(3}(b){i) read with sections 12(1){c) of the!",Insurers must address the requirement described in section 7.25: give effect to the principles referred to in paragraph 6 above; set limits on the types and overall level of outsourced functions or activities at the insurer and the extent to which activities can be outsourced to the same person; provi...,Risk Management,Legal & Compliance,Regulatory Compliance,Partially Covered,"Policy partially addresses the obligation. Update the policy to explicitly cover the missing requirement, control owner, review frequency, and evidence expectations.",11,"The evaluation process should include an assessment of the third party’s control framework, covering 
performance standards, policies, procedures, compliance, reporting, and monitoring processes.  
The due diligence should also address other issues, such as business strategy, reputation, 
experience with the proposed outsourced function, reliance on and performance of external third 
party, insurance coverage, business continuity management, and potential conflict of interest where 
the third party is related to ABC or has arrangements with competitors.  
The review process should be made on a yearly basis and retain the necessary expertise to supervise 
the outsourced activity effectively. 
Overseas Outsourcing 
In addition to the general due diligence process outlined above, in assessing whether to approve an 
application to offshore a Material Outsourcing Arrangement, would expect to consider the risks which 
could arise from overseas Outsourcing, including:  
• 
Country risk - the risk that overseas economic, political, and/or social events will impact the ability 
of the overseas third party to continue to provide an outsourced service to ABC.  
• 
Compliance (legal) risk - the risk that overseas outsourcing arrangements will impact ABC’s ability 
to comply with relevant Saudi Arabia and overseas laws and regulations (including accounting 
practices). 
• 
Contractual risk - the risk that ABC’s ability to enforce the overseas outsourcing agreement may 
be partly or completely hindered. 
• 
Access risk - the risk that the ability of ABC to obtain information and to retain records may be 
partly or completely hindered. This risk also refers to the potential difficulties or inability of ABC to 
access the third party and the material function activity being conducted. 
• 
Counterparty risk - the risk arising from the third party’s failure to meet the terms of any contract 
with ABC or to otherwise perform as agreed. 
• 
Brand risk – the risk arising from the third party’s failure to protect or respond to the damage done 
to ABC’s reputation including through contagion. 
• 
Security risk – the risk arising from the third party’s failure to have secure systems to protect their 
held data against cyberattacks or internal system breaches.  
These and other additional risks should be specifically addressed during the preparation of a business 
case when conducting the due diligence and during contract negotiations. Where ABC approves the 
overseas material outsourcing arrangement, these risks should also be considered when conducting 
the ongoing monitoring and control of that Material Outsourcing Arrangement. Specific risk 
management expertise is required when assessing, monitoring, and controlling material business 
activities outsourced to service providers conducting the activities outside Saudi Arabia.  
The risk assessment will also cover the impact of the material outsourcing arrangement in terms of its:  
• 
Overall risk profile and appetite; and  
• 
Systems and controls.",Medium
77,"Long-term Insurance Act and Short-term Insurance Act, respectively: Outsourcing",This section provides contextual or background information and does not create a direct compliance obligation.,Outsourcing / Third Party,Legal & Compliance,Regulatory Compliance,Not Applicable / Informational,This item appears to provide context or background rather than a direct policy obligation; no policy amendment is required unless management wants to reference it for completeness.,9,"6. Overseas outsourcing arrangements 
GRC Function should for any proposed outsourcing arrangements involving transmission, processing, 
and retention of policyholder data and/or financial data and/or material outsourcing to a third party 
located overseas (including head offices and/or regional offices and/or affiliated entities of insurers), 
must provide the following information to Insurance Authority accompanying the request:  
a. Details of the function to be outsourced, 
b. Categorization of the function (material or non-material outsourcing), 
c. Reason for outsourcing, 
d. Details on the third party located overseas (i.e., name, country, address, license, activity, etc.), 
e. Details on the nature and disposal of the data to be transferred, 
f. 
Details on the confidentiality agreement with the third party, 
Confirmation in writing from ABC by a legal opinion affirming ABC’s right of access to the outsourcing 
activity at the third party (Service Provider), in which the third party must guarantee to abide by the 
legal clause. (Alternatively, ABC may use a standard clause approved by Insurance Authority in its 
contract, instead of the legal opinion). 
7. Risk identification and mitigation measures 
Risk identification 
Related Mitigation Measures 
Outsourcing objectives are not 
aligned with the overall business 
strategy and the target operating 
model 
Clear alignment between the material outsourcing arrangement 
and the overall business strategy ensures the target operating 
model. 
Scope and requirements not fully 
understood 
A scope assessment should be both comprehensive in scope and 
flexible enough to support current and future requirements. 
Business case not covering all 
aspects of the material outsourcing 
arrangement 
A solid business case with a current assessment of financial, 
operational, and organizational needs to provide a baseline for 
evaluating a material outsourcing arrangement. This provides 
valuable insights into the total cost of the material outsourcing 
arrangement and the trade-offs. 
The third party may not have the 
plans, tools, systems, and 
resources to manage the material 
outsourcing arrangements 
Change management programs identify and mitigate capability and 
communication gaps and include planning and implementation that 
determine the pace and success of the material outsourcing 
arrangement. 
Managing the many risks raised by the material outsourcing arrangement will be adopted to align the 
objectives, internal and external resources, implements sound governance and controls, and address 
all relevant regulatory and compliance matters.  
Such an approach will include the ability to measure, track and manage all risks associated with specific 
material outsourcing arrangements.",Low
7.5.1,"assess the costs and benefits and potential risk to its insurance business
inherent in the proposed outsourcing;",Insurers must address the requirement described in section 7.5.1: assess the costs and benefits and potential risk to its insurance business inherent in the proposed outsourcing;,Risk Management,Risk Management,Enterprise Risk Management,Completely Covered,No gap identified. The uploaded policy appears to cover this obligation.,10,"The Department proposing the material outsourcing arrangement should prepare a detailed business 
case, detailing the potential costs, benefits and risks associated. As part of this process, the Board 
must make an ‘in principle’ decision to continue the outsourcing process and to call for selection 
process documents. The proposed documentation should clearly outline the requirements of ABC for 
the proposed material outsourcing arrangement. 
8.2  Eligibility and qualification of a business case 
The business case should contain a selection criterion that includes specific requirements and service 
expectations, which enables a fair and impartial selection prior to outsourcing to a third party. The 
selection criteria must consider assessing the following (as a minimum):  
• 
The financial resources of the third party to deliver the services, 
• 
The third party’s technical resources, systems, and capacity to deliver the required services, 
• 
The human resources of the third party having relevant skills to provide the services, 
• 
The third party’s compliance plans and procedures, 
• 
The third circumstances party’s internal control framework covering risk management, 
performance standards, policies, procedures, internal audit, review and compliance arrangements, 
reporting, and monitoring processes, 
• 
An assessment of the anti-money laundering and counter-terrorist financing risks of the third party, 
• 
The fees to be charged by a third party. 
9. Due Diligence 
The due diligence should be conducted before any final decision is made to determine whether to 
outsource a material activity or not. This should address all material factors that would impact the 
potential Third party’s ability to perform the business activity.  
The due diligence process should, as a minimum, assess the financial ability, technical ability, and 
capacity of the third party to deliver, including in stressful situations, the required services.",Low
7.5.2,"identify potential persons to undertake the outsourcing through objective
procurement and selection procedures;",This section provides contextual or background information and does not create a direct compliance obligation.,Outsourcing / Third Party,Operations,Business Operations,Not Applicable / Informational,This item appears to provide context or background rather than a direct policy obligation; no policy amendment is required unless management wants to reference it for completeness.,9,"6. Overseas outsourcing arrangements 
GRC Function should for any proposed outsourcing arrangements involving transmission, processing, 
and retention of policyholder data and/or financial data and/or material outsourcing to a third party 
located overseas (including head offices and/or regional offices and/or affiliated entities of insurers), 
must provide the following information to Insurance Authority accompanying the request:  
a. Details of the function to be outsourced, 
b. Categorization of the function (material or non-material outsourcing), 
c. Reason for outsourcing, 
d. Details on the third party located overseas (i.e., name, country, address, license, activity, etc.), 
e. Details on the nature and disposal of the data to be transferred, 
f. 
Details on the confidentiality agreement with the third party, 
Confirmation in writing from ABC by a legal opinion affirming ABC’s right of access to the outsourcing 
activity at the third party (Service Provider), in which the third party must guarantee to abide by the 
legal clause. (Alternatively, ABC may use a standard clause approved by Insurance Authority in its 
contract, instead of the legal opinion). 
7. Risk identification and mitigation measures 
Risk identification 
Related Mitigation Measures 
Outsourcing objectives are not 
aligned with the overall business 
strategy and the target operating 
model 
Clear alignment between the material outsourcing arrangement 
and the overall business strategy ensures the target operating 
model. 
Scope and requirements not fully 
understood 
A scope assessment should be both comprehensive in scope and 
flexible enough to support current and future requirements. 
Business case not covering all 
aspects of the material outsourcing 
arrangement 
A solid business case with a current assessment of financial, 
operational, and organizational needs to provide a baseline for 
evaluating a material outsourcing arrangement. This provides 
valuable insights into the total cost of the material outsourcing 
arrangement and the trade-offs. 
The third party may not have the 
plans, tools, systems, and 
resources to manage the material 
outsourcing arrangements 
Change management programs identify and mitigate capability and 
communication gaps and include planning and implementation that 
determine the pace and success of the material outsourcing 
arrangement. 
Managing the many risks raised by the material outsourcing arrangement will be adopted to align the 
objectives, internal and external resources, implements sound governance and controls, and address 
all relevant regulatory and compliance matters.  
Such an approach will include the ability to measure, track and manage all risks associated with specific 
material outsourcing arrangements.",Low
7.5.3,"consider the potential impact of multiple outsourcing arrangements by the
insurer and those provided by the person to a number of insurers;",This section provides contextual or background information and does not create a direct compliance obligation.,Risk Management,Legal & Compliance,Regulatory Compliance,Not Applicable / Informational,This item appears to provide context or background rather than a direct policy obligation; no policy amendment is required unless management wants to reference it for completeness.,9,"6. Overseas outsourcing arrangements 
GRC Function should for any proposed outsourcing arrangements involving transmission, processing, 
and retention of policyholder data and/or financial data and/or material outsourcing to a third party 
located overseas (including head offices and/or regional offices and/or affiliated entities of insurers), 
must provide the following information to Insurance Authority accompanying the request:  
a. Details of the function to be outsourced, 
b. Categorization of the function (material or non-material outsourcing), 
c. Reason for outsourcing, 
d. Details on the third party located overseas (i.e., name, country, address, license, activity, etc.), 
e. Details on the nature and disposal of the data to be transferred, 
f. 
Details on the confidentiality agreement with the third party, 
Confirmation in writing from ABC by a legal opinion affirming ABC’s right of access to the outsourcing 
activity at the third party (Service Provider), in which the third party must guarantee to abide by the 
legal clause. (Alternatively, ABC may use a standard clause approved by Insurance Authority in its 
contract, instead of the legal opinion). 
7. Risk identification and mitigation measures 
Risk identification 
Related Mitigation Measures 
Outsourcing objectives are not 
aligned with the overall business 
strategy and the target operating 
model 
Clear alignment between the material outsourcing arrangement 
and the overall business strategy ensures the target operating 
model. 
Scope and requirements not fully 
understood 
A scope assessment should be both comprehensive in scope and 
flexible enough to support current and future requirements. 
Business case not covering all 
aspects of the material outsourcing 
arrangement 
A solid business case with a current assessment of financial, 
operational, and organizational needs to provide a baseline for 
evaluating a material outsourcing arrangement. This provides 
valuable insights into the total cost of the material outsourcing 
arrangement and the trade-offs. 
The third party may not have the 
plans, tools, systems, and 
resources to manage the material 
outsourcing arrangements 
Change management programs identify and mitigate capability and 
communication gaps and include planning and implementation that 
determine the pace and success of the material outsourcing 
arrangement. 
Managing the many risks raised by the material outsourcing arrangement will be adopted to align the 
objectives, internal and external resources, implements sound governance and controls, and address 
all relevant regulatory and compliance matters.  
Such an approach will include the ability to measure, track and manage all risks associated with specific 
material outsourcing arrangements.",Low
75.4,"assess whether the other person is fit and proper in terms of meeting
qualities of competence and integrity;",Insurers must address the requirement described in section 75.4: assess whether the other person is fit and proper in terms of meeting qualities of competence and integrity;,Informational / Context,Legal & Compliance,Regulatory Compliance,Partially Covered,"Policy partially addresses the obligation. Update the policy to explicitly cover the missing requirement, control owner, review frequency, and evidence expectations.",11,"The evaluation process should include an assessment of the third party’s control framework, covering 
performance standards, policies, procedures, compliance, reporting, and monitoring processes.  
The due diligence should also address other issues, such as business strategy, reputation, 
experience with the proposed outsourced function, reliance on and performance of external third 
party, insurance coverage, business continuity management, and potential conflict of interest where 
the third party is related to ABC or has arrangements with competitors.  
The review process should be made on a yearly basis and retain the necessary expertise to supervise 
the outsourced activity effectively. 
Overseas Outsourcing 
In addition to the general due diligence process outlined above, in assessing whether to approve an 
application to offshore a Material Outsourcing Arrangement, would expect to consider the risks which 
could arise from overseas Outsourcing, including:  
• 
Country risk - the risk that overseas economic, political, and/or social events will impact the ability 
of the overseas third party to continue to provide an outsourced service to ABC.  
• 
Compliance (legal) risk - the risk that overseas outsourcing arrangements will impact ABC’s ability 
to comply with relevant Saudi Arabia and overseas laws and regulations (including accounting 
practices). 
• 
Contractual risk - the risk that ABC’s ability to enforce the overseas outsourcing agreement may 
be partly or completely hindered. 
• 
Access risk - the risk that the ability of ABC to obtain information and to retain records may be 
partly or completely hindered. This risk also refers to the potential difficulties or inability of ABC to 
access the third party and the material function activity being conducted. 
• 
Counterparty risk - the risk arising from the third party’s failure to meet the terms of any contract 
with ABC or to otherwise perform as agreed. 
• 
Brand risk – the risk arising from the third party’s failure to protect or respond to the damage done 
to ABC’s reputation including through contagion. 
• 
Security risk – the risk arising from the third party’s failure to have secure systems to protect their 
held data against cyberattacks or internal system breaches.  
These and other additional risks should be specifically addressed during the preparation of a business 
case when conducting the due diligence and during contract negotiations. Where ABC approves the 
overseas material outsourcing arrangement, these risks should also be considered when conducting 
the ongoing monitoring and control of that Material Outsourcing Arrangement. Specific risk 
management expertise is required when assessing, monitoring, and controlling material business 
activities outsourced to service providers conducting the activities outside Saudi Arabia.  
The risk assessment will also cover the impact of the material outsourcing arrangement in terms of its:  
• 
Overall risk profile and appetite; and  
• 
Systems and controls.",Medium
7.5.5,"assess the person’s governance, risk management, and internal controls
and its ability to comply with applicable laws;","Insurers must address the requirement described in section 7.5.5: assess the person’s governance, risk management, and internal controls and its ability to comply with applicable laws;",Risk Management,Risk Management,Enterprise Risk Management,Completely Covered,No gap identified. The uploaded policy appears to cover this obligation.,11,"The evaluation process should include an assessment of the third party’s control framework, covering 
performance standards, policies, procedures, compliance, reporting, and monitoring processes.  
The due diligence should also address other issues, such as business strategy, reputation, 
experience with the proposed outsourced function, reliance on and performance of external third 
party, insurance coverage, business continuity management, and potential conflict of interest where 
the third party is related to ABC or has arrangements with competitors.  
The review process should be made on a yearly basis and retain the necessary expertise to supervise 
the outsourced activity effectively. 
Overseas Outsourcing 
In addition to the general due diligence process outlined above, in assessing whether to approve an 
application to offshore a Material Outsourcing Arrangement, would expect to consider the risks which 
could arise from overseas Outsourcing, including:  
• 
Country risk - the risk that overseas economic, political, and/or social events will impact the ability 
of the overseas third party to continue to provide an outsourced service to ABC.  
• 
Compliance (legal) risk - the risk that overseas outsourcing arrangements will impact ABC’s ability 
to comply with relevant Saudi Arabia and overseas laws and regulations (including accounting 
practices). 
• 
Contractual risk - the risk that ABC’s ability to enforce the overseas outsourcing agreement may 
be partly or completely hindered. 
• 
Access risk - the risk that the ability of ABC to obtain information and to retain records may be 
partly or completely hindered. This risk also refers to the potential difficulties or inability of ABC to 
access the third party and the material function activity being conducted. 
• 
Counterparty risk - the risk arising from the third party’s failure to meet the terms of any contract 
with ABC or to otherwise perform as agreed. 
• 
Brand risk – the risk arising from the third party’s failure to protect or respond to the damage done 
to ABC’s reputation including through contagion. 
• 
Security risk – the risk arising from the third party’s failure to have secure systems to protect their 
held data against cyberattacks or internal system breaches.  
These and other additional risks should be specifically addressed during the preparation of a business 
case when conducting the due diligence and during contract negotiations. Where ABC approves the 
overseas material outsourcing arrangement, these risks should also be considered when conducting 
the ongoing monitoring and control of that Material Outsourcing Arrangement. Specific risk 
management expertise is required when assessing, monitoring, and controlling material business 
activities outsourced to service providers conducting the activities outside Saudi Arabia.  
The risk assessment will also cover the impact of the material outsourcing arrangement in terms of its:  
• 
Overall risk profile and appetite; and  
• 
Systems and controls.",Low
7.5.6,"assess whether the person's operational capability or financial position pose
a material risk to the person's ability to deliver the proposed outsourced
function or activity;",Insurers must address the requirement described in section 7.5.6: assess whether the person's operational capability or financial position pose a material risk to the person's ability to deliver the proposed outsourced function or activity;,Risk Management,Risk Management,Enterprise Risk Management,Completely Covered,No gap identified. The uploaded policy appears to cover this obligation.,9,"6. Overseas outsourcing arrangements 
GRC Function should for any proposed outsourcing arrangements involving transmission, processing, 
and retention of policyholder data and/or financial data and/or material outsourcing to a third party 
located overseas (including head offices and/or regional offices and/or affiliated entities of insurers), 
must provide the following information to Insurance Authority accompanying the request:  
a. Details of the function to be outsourced, 
b. Categorization of the function (material or non-material outsourcing), 
c. Reason for outsourcing, 
d. Details on the third party located overseas (i.e., name, country, address, license, activity, etc.), 
e. Details on the nature and disposal of the data to be transferred, 
f. 
Details on the confidentiality agreement with the third party, 
Confirmation in writing from ABC by a legal opinion affirming ABC’s right of access to the outsourcing 
activity at the third party (Service Provider), in which the third party must guarantee to abide by the 
legal clause. (Alternatively, ABC may use a standard clause approved by Insurance Authority in its 
contract, instead of the legal opinion). 
7. Risk identification and mitigation measures 
Risk identification 
Related Mitigation Measures 
Outsourcing objectives are not 
aligned with the overall business 
strategy and the target operating 
model 
Clear alignment between the material outsourcing arrangement 
and the overall business strategy ensures the target operating 
model. 
Scope and requirements not fully 
understood 
A scope assessment should be both comprehensive in scope and 
flexible enough to support current and future requirements. 
Business case not covering all 
aspects of the material outsourcing 
arrangement 
A solid business case with a current assessment of financial, 
operational, and organizational needs to provide a baseline for 
evaluating a material outsourcing arrangement. This provides 
valuable insights into the total cost of the material outsourcing 
arrangement and the trade-offs. 
The third party may not have the 
plans, tools, systems, and 
resources to manage the material 
outsourcing arrangements 
Change management programs identify and mitigate capability and 
communication gaps and include planning and implementation that 
determine the pace and success of the material outsourcing 
arrangement. 
Managing the many risks raised by the material outsourcing arrangement will be adopted to align the 
objectives, internal and external resources, implements sound governance and controls, and address 
all relevant regulatory and compliance matters.  
Such an approach will include the ability to measure, track and manage all risks associated with specific 
material outsourcing arrangements.",Low
7.5.7,"develop appropriate management and monitoring procedures for the
proposed outsourcing consistent with that set out in paragraphs 7.9 to 7.11;",Insurers must address the requirement described in section 7.5.7: develop appropriate management and monitoring procedures for the proposed outsourcing consistent with that set out in paragraphs 7.9 to 7.11;,Governance,Operations,Business Operations,Completely Covered,No gap identified. The uploaded policy appears to cover this obligation.,7,"• 
Ensure that confidentiality provisions and security needs are adequately addressed. 
• 
Ensure that appropriate reporting is in place to enable effective management and control of the material 
outsourcing arrangements and to identify potential problems at an early stage. 
• 
Conduct the due diligence rating evaluation by assessing the outsourcing service provider on various control 
as per outsourcing risk assessment form. 
• 
Ensuring that all requirements are presented within the business case for submission to the Board for their 
review and approval.
2.4 Senior Management 
The activities of Senior Management / Department Heads shall include but not be limited to: 
• 
Prepare a business case detailing the requirements as stated within this policy. 
• 
Define the required service level agreement. 
• 
Develop key performance indicators (KPIs) for effective and efficient monitoring. 
• 
Prepare half yearly performance reports for review to the Risk Management. 
• 
Immediately report any potential problems to the Risk Management and Compliance.",Low
7.5.8,"develop appropriate contingency plans to ensure the continuous functioning
of the insurance business of the insurer in the event that the outsourcing
arrangement is terminated or ineffective; and",Insurers must address the requirement described in section 7.5.8: develop appropriate contingency plans to ensure the continuous functioning of the insurance business of the insurer in the event that the outsourcing arrangement is terminated or ineffective; and,Outsourcing / Third Party,Operations,Business Operations,Partially Covered,"Policy partially addresses the obligation. Update the policy to explicitly cover the missing requirement, control owner, review frequency, and evidence expectations.",7,"• 
Ensure that confidentiality provisions and security needs are adequately addressed. 
• 
Ensure that appropriate reporting is in place to enable effective management and control of the material 
outsourcing arrangements and to identify potential problems at an early stage. 
• 
Conduct the due diligence rating evaluation by assessing the outsourcing service provider on various control 
as per outsourcing risk assessment form. 
• 
Ensuring that all requirements are presented within the business case for submission to the Board for their 
review and approval.
2.4 Senior Management 
The activities of Senior Management / Department Heads shall include but not be limited to: 
• 
Prepare a business case detailing the requirements as stated within this policy. 
• 
Define the required service level agreement. 
• 
Develop key performance indicators (KPIs) for effective and efficient monitoring. 
• 
Prepare half yearly performance reports for review to the Risk Management. 
• 
Immediately report any potential problems to the Risk Management and Compliance.",Medium
7.5.9,"secure the necessary approvals for the outsourcing in accordance with the
outsourcing policy.

Written contracts

Any outsourcing of a control, management or material function (other than a binder
function*) must be govemed by written contracts that clearly describe all material
aspects of the outsourcing arrangement, including the rights, respons Ss, and
service-level requirements of all parties.

Awritten contract must, at least, -","Insurers must address the requirement described in section 7.5.9: secure the necessary approvals for the outsourcing in accordance with the outsourcing policy. Written contracts Any outsourcing of a control, management or material function (other than a binder function*) must be govemed by written cont...",Governance,Operations,Business Operations,Completely Covered,No gap identified. The uploaded policy appears to cover this obligation.,12,"11. Contractual agreement 
All material outsourcing arrangements must be undertaken using a written, legally binding contractual 
agreement. The agreement must document all components of the outsourcing arrangement between 
the parties. ABC should obtain legal advice in assessing the contract. Guidance on consideration of 
Contract agreement is covered in Outsourcing SOP. Refer to Section 15 for types of Material and 
Non-Material Outsourcing arrangements. 
12. Management and Control 
Whenever ABC undertakes a material outsourcing arrangement, detailed procedures to monitor and 
control outsourcing risk should be put in place in accordance with the Board approved policy and should 
be documented within the business case. The actual reporting framework, to both the Board, should 
reflect the size and nature of the material outsourcing arrangements. Accountability for managing the 
material outsourcing arrangement should be specifically assigned to the proposing Department. This 
ensures that there is likely to be continued focus on the material outsourcing arrangement.  
Circumstances that give rise to a review of the material outsourcing arrangement may include (but are 
not limited to):  
• 
Inadequate performance by the third party, including quality or timeliness of the services being 
delivered, 
• 
Changes in the key staff of the third party, 
• 
Changes to the ownership of the third party’s business may result in a different focus or philosophy 
being pursued, 
• 
Legislative or regulatory changes, 
• 
Strategic change of direction by ABC or the third party, 
The Board should receive regular reports on material outsourcing arrangements. Any material problems 
with outsourcing should be communicated to these parties.  
This monitoring process could involve the use of an internal (or, where considered relevant or more 
appropriate, external) audit to ensure compliance with Outsourcing Policy and Procedures. The audit 
function can be used to:  
• 
Ensure compliance with risk management policy and processes. 
• 
Ensure appropriate internal controls are in place. 
• 
Ensure whether reporting is sufficient, accurate, and timely.",Low
7.7.1,specify the duration of the contract;,This section provides contextual or background information and does not create a direct compliance obligation.,Legal & Compliance,Legal & Compliance,Regulatory Compliance,Not Applicable / Informational,This item appears to provide context or background rather than a direct policy obligation; no policy amendment is required unless management wants to reference it for completeness.,9,"6. Overseas outsourcing arrangements 
GRC Function should for any proposed outsourcing arrangements involving transmission, processing, 
and retention of policyholder data and/or financial data and/or material outsourcing to a third party 
located overseas (including head offices and/or regional offices and/or affiliated entities of insurers), 
must provide the following information to Insurance Authority accompanying the request:  
a. Details of the function to be outsourced, 
b. Categorization of the function (material or non-material outsourcing), 
c. Reason for outsourcing, 
d. Details on the third party located overseas (i.e., name, country, address, license, activity, etc.), 
e. Details on the nature and disposal of the data to be transferred, 
f. 
Details on the confidentiality agreement with the third party, 
Confirmation in writing from ABC by a legal opinion affirming ABC’s right of access to the outsourcing 
activity at the third party (Service Provider), in which the third party must guarantee to abide by the 
legal clause. (Alternatively, ABC may use a standard clause approved by Insurance Authority in its 
contract, instead of the legal opinion). 
7. Risk identification and mitigation measures 
Risk identification 
Related Mitigation Measures 
Outsourcing objectives are not 
aligned with the overall business 
strategy and the target operating 
model 
Clear alignment between the material outsourcing arrangement 
and the overall business strategy ensures the target operating 
model. 
Scope and requirements not fully 
understood 
A scope assessment should be both comprehensive in scope and 
flexible enough to support current and future requirements. 
Business case not covering all 
aspects of the material outsourcing 
arrangement 
A solid business case with a current assessment of financial, 
operational, and organizational needs to provide a baseline for 
evaluating a material outsourcing arrangement. This provides 
valuable insights into the total cost of the material outsourcing 
arrangement and the trade-offs. 
The third party may not have the 
plans, tools, systems, and 
resources to manage the material 
outsourcing arrangements 
Change management programs identify and mitigate capability and 
communication gaps and include planning and implementation that 
determine the pace and success of the material outsourcing 
arrangement. 
Managing the many risks raised by the material outsourcing arrangement will be adopted to align the 
objectives, internal and external resources, implements sound governance and controls, and address 
all relevant regulatory and compliance matters.  
Such an approach will include the ability to measure, track and manage all risks associated with specific 
material outsourcing arrangements.",Low
7.7.2,"specify the type and frequency of the function or activity to be performed;

The binder functions referred to in section 49A{1){a) to (e) of the Long-term Insurance Act and section

48A(1){a) to (e) of the Short-term Insurance Act. Binder functions are covered by specific provisions
dealing with the requirements to enter into a written agreement, and the minimum requirements for such
agreements.

| Page 6 of 10 ]


--- Page 7 ---",Insurers must address the requirement described in section 7.7.2: specify the type and frequency of the function or activity to be performed; The binder functions referred to in section 49A{1){a) to (e) of the Long-term Insurance Act and section 48A(1){a) to (e) of the Short-term Insurance Act. Binder...,Outsourcing / Third Party,Legal & Compliance,Regulatory Compliance,Partially Covered,"Policy partially addresses the obligation. Update the policy to explicitly cover the missing requirement, control owner, review frequency, and evidence expectations.",9,"6. Overseas outsourcing arrangements 
GRC Function should for any proposed outsourcing arrangements involving transmission, processing, 
and retention of policyholder data and/or financial data and/or material outsourcing to a third party 
located overseas (including head offices and/or regional offices and/or affiliated entities of insurers), 
must provide the following information to Insurance Authority accompanying the request:  
a. Details of the function to be outsourced, 
b. Categorization of the function (material or non-material outsourcing), 
c. Reason for outsourcing, 
d. Details on the third party located overseas (i.e., name, country, address, license, activity, etc.), 
e. Details on the nature and disposal of the data to be transferred, 
f. 
Details on the confidentiality agreement with the third party, 
Confirmation in writing from ABC by a legal opinion affirming ABC’s right of access to the outsourcing 
activity at the third party (Service Provider), in which the third party must guarantee to abide by the 
legal clause. (Alternatively, ABC may use a standard clause approved by Insurance Authority in its 
contract, instead of the legal opinion). 
7. Risk identification and mitigation measures 
Risk identification 
Related Mitigation Measures 
Outsourcing objectives are not 
aligned with the overall business 
strategy and the target operating 
model 
Clear alignment between the material outsourcing arrangement 
and the overall business strategy ensures the target operating 
model. 
Scope and requirements not fully 
understood 
A scope assessment should be both comprehensive in scope and 
flexible enough to support current and future requirements. 
Business case not covering all 
aspects of the material outsourcing 
arrangement 
A solid business case with a current assessment of financial, 
operational, and organizational needs to provide a baseline for 
evaluating a material outsourcing arrangement. This provides 
valuable insights into the total cost of the material outsourcing 
arrangement and the trade-offs. 
The third party may not have the 
plans, tools, systems, and 
resources to manage the material 
outsourcing arrangements 
Change management programs identify and mitigate capability and 
communication gaps and include planning and implementation that 
determine the pace and success of the material outsourcing 
arrangement. 
Managing the many risks raised by the material outsourcing arrangement will be adopted to align the 
objectives, internal and external resources, implements sound governance and controls, and address 
all relevant regulatory and compliance matters.  
Such an approach will include the ability to measure, track and manage all risks associated with specific 
material outsourcing arrangements.",Medium
7.7.6,V7.7,This section provides contextual or background information and does not create a direct compliance obligation.,Informational / Context,Legal & Compliance,Regulatory Compliance,Not Applicable / Informational,This item appears to provide context or background rather than a direct policy obligation; no policy amendment is required unless management wants to reference it for completeness.,9,"6. Overseas outsourcing arrangements 
GRC Function should for any proposed outsourcing arrangements involving transmission, processing, 
and retention of policyholder data and/or financial data and/or material outsourcing to a third party 
located overseas (including head offices and/or regional offices and/or affiliated entities of insurers), 
must provide the following information to Insurance Authority accompanying the request:  
a. Details of the function to be outsourced, 
b. Categorization of the function (material or non-material outsourcing), 
c. Reason for outsourcing, 
d. Details on the third party located overseas (i.e., name, country, address, license, activity, etc.), 
e. Details on the nature and disposal of the data to be transferred, 
f. 
Details on the confidentiality agreement with the third party, 
Confirmation in writing from ABC by a legal opinion affirming ABC’s right of access to the outsourcing 
activity at the third party (Service Provider), in which the third party must guarantee to abide by the 
legal clause. (Alternatively, ABC may use a standard clause approved by Insurance Authority in its 
contract, instead of the legal opinion). 
7. Risk identification and mitigation measures 
Risk identification 
Related Mitigation Measures 
Outsourcing objectives are not 
aligned with the overall business 
strategy and the target operating 
model 
Clear alignment between the material outsourcing arrangement 
and the overall business strategy ensures the target operating 
model. 
Scope and requirements not fully 
understood 
A scope assessment should be both comprehensive in scope and 
flexible enough to support current and future requirements. 
Business case not covering all 
aspects of the material outsourcing 
arrangement 
A solid business case with a current assessment of financial, 
operational, and organizational needs to provide a baseline for 
evaluating a material outsourcing arrangement. This provides 
valuable insights into the total cost of the material outsourcing 
arrangement and the trade-offs. 
The third party may not have the 
plans, tools, systems, and 
resources to manage the material 
outsourcing arrangements 
Change management programs identify and mitigate capability and 
communication gaps and include planning and implementation that 
determine the pace and success of the material outsourcing 
arrangement. 
Managing the many risks raised by the material outsourcing arrangement will be adopted to align the 
objectives, internal and external resources, implements sound governance and controls, and address 
all relevant regulatory and compliance matters.  
Such an approach will include the ability to measure, track and manage all risks associated with specific 
material outsourcing arrangements.",Low
7.715,"specify the level and standard of service that must be rendered to a
policyholder, where relevant, and to the insurer;

require that the other person have appropriate govemance, risk
Management, and internal controls in place to perform the outsourced
function or activity;

require that the other person comply with applicable laws;

specify the Rand value of the remuneration or consideration payable by the
insurer to the other person, or, if the Rand value is not fixed or determined
on entering into the contract, the basis on which the remuneration or
consideration payable will be calculated;

provide for the type and frequency of reporting by the other person on the
function or activity performed under the contract;

provide thai an insurer must monitor the other person’s performance under
and compliance with the contract and the manner in and means by which
that monitoring will take place;

provide for periodic performance reviews of the other person and the
regular review of the contract;

specify that the insurer has continued access to information relating to the
outsourced function or activity, including access to any information the
insurer may require to monitor the treatment of policyholders, where
relevant;

address confidentiality, privacy and the security of information of the insurer
and policyholders;

address sub-outsourcing;

address ownership of intellectual property;

provide for business contingency processes, including the continuity of
function or activity if the other person is placed under curatorship, business
rescue, becomes insolvent, is liquidated or is for any reason unable to

continue to render the function or activity in accordance with the contract;

specify that the other person will take the necessary steps to allow the
Registrar access to its business and information in respect of the

outsourced function or activity;



--- Page 8 ---","Insurers must address the requirement described in section 7.715: specify the level and standard of service that must be rendered to a policyholder, where relevant, and to the insurer; require that the other person have appropriate govemance, risk Management, and internal controls in place to perform t...",Risk Management,Operations,Business Operations,Partially Covered,"Policy partially addresses the obligation. Update the policy to explicitly cover the missing requirement, control owner, review frequency, and evidence expectations.",11,"The evaluation process should include an assessment of the third party’s control framework, covering 
performance standards, policies, procedures, compliance, reporting, and monitoring processes.  
The due diligence should also address other issues, such as business strategy, reputation, 
experience with the proposed outsourced function, reliance on and performance of external third 
party, insurance coverage, business continuity management, and potential conflict of interest where 
the third party is related to ABC or has arrangements with competitors.  
The review process should be made on a yearly basis and retain the necessary expertise to supervise 
the outsourced activity effectively. 
Overseas Outsourcing 
In addition to the general due diligence process outlined above, in assessing whether to approve an 
application to offshore a Material Outsourcing Arrangement, would expect to consider the risks which 
could arise from overseas Outsourcing, including:  
• 
Country risk - the risk that overseas economic, political, and/or social events will impact the ability 
of the overseas third party to continue to provide an outsourced service to ABC.  
• 
Compliance (legal) risk - the risk that overseas outsourcing arrangements will impact ABC’s ability 
to comply with relevant Saudi Arabia and overseas laws and regulations (including accounting 
practices). 
• 
Contractual risk - the risk that ABC’s ability to enforce the overseas outsourcing agreement may 
be partly or completely hindered. 
• 
Access risk - the risk that the ability of ABC to obtain information and to retain records may be 
partly or completely hindered. This risk also refers to the potential difficulties or inability of ABC to 
access the third party and the material function activity being conducted. 
• 
Counterparty risk - the risk arising from the third party’s failure to meet the terms of any contract 
with ABC or to otherwise perform as agreed. 
• 
Brand risk – the risk arising from the third party’s failure to protect or respond to the damage done 
to ABC’s reputation including through contagion. 
• 
Security risk – the risk arising from the third party’s failure to have secure systems to protect their 
held data against cyberattacks or internal system breaches.  
These and other additional risks should be specifically addressed during the preparation of a business 
case when conducting the due diligence and during contract negotiations. Where ABC approves the 
overseas material outsourcing arrangement, these risks should also be considered when conducting 
the ongoing monitoring and control of that Material Outsourcing Arrangement. Specific risk 
management expertise is required when assessing, monitoring, and controlling material business 
activities outsourced to service providers conducting the activities outside Saudi Arabia.  
The risk assessment will also cover the impact of the material outsourcing arrangement in terms of its:  
• 
Overall risk profile and appetite; and  
• 
Systems and controls.",Medium
7.7.16,"specify the circumstances under which the insurer may terminate the
contract;",This section provides contextual or background information and does not create a direct compliance obligation.,Legal & Compliance,Legal & Compliance,Regulatory Compliance,Not Applicable / Informational,This item appears to provide context or background rather than a direct policy obligation; no policy amendment is required unless management wants to reference it for completeness.,9,"6. Overseas outsourcing arrangements 
GRC Function should for any proposed outsourcing arrangements involving transmission, processing, 
and retention of policyholder data and/or financial data and/or material outsourcing to a third party 
located overseas (including head offices and/or regional offices and/or affiliated entities of insurers), 
must provide the following information to Insurance Authority accompanying the request:  
a. Details of the function to be outsourced, 
b. Categorization of the function (material or non-material outsourcing), 
c. Reason for outsourcing, 
d. Details on the third party located overseas (i.e., name, country, address, license, activity, etc.), 
e. Details on the nature and disposal of the data to be transferred, 
f. 
Details on the confidentiality agreement with the third party, 
Confirmation in writing from ABC by a legal opinion affirming ABC’s right of access to the outsourcing 
activity at the third party (Service Provider), in which the third party must guarantee to abide by the 
legal clause. (Alternatively, ABC may use a standard clause approved by Insurance Authority in its 
contract, instead of the legal opinion). 
7. Risk identification and mitigation measures 
Risk identification 
Related Mitigation Measures 
Outsourcing objectives are not 
aligned with the overall business 
strategy and the target operating 
model 
Clear alignment between the material outsourcing arrangement 
and the overall business strategy ensures the target operating 
model. 
Scope and requirements not fully 
understood 
A scope assessment should be both comprehensive in scope and 
flexible enough to support current and future requirements. 
Business case not covering all 
aspects of the material outsourcing 
arrangement 
A solid business case with a current assessment of financial, 
operational, and organizational needs to provide a baseline for 
evaluating a material outsourcing arrangement. This provides 
valuable insights into the total cost of the material outsourcing 
arrangement and the trade-offs. 
The third party may not have the 
plans, tools, systems, and 
resources to manage the material 
outsourcing arrangements 
Change management programs identify and mitigate capability and 
communication gaps and include planning and implementation that 
determine the pace and success of the material outsourcing 
arrangement. 
Managing the many risks raised by the material outsourcing arrangement will be adopted to align the 
objectives, internal and external resources, implements sound governance and controls, and address 
all relevant regulatory and compliance matters.  
Such an approach will include the ability to measure, track and manage all risks associated with specific 
material outsourcing arrangements.",Low
7.7.17,include indemnity and iiability provisions;,This section provides contextual or background information and does not create a direct compliance obligation.,Informational / Context,Legal & Compliance,Regulatory Compliance,Not Applicable / Informational,This item appears to provide context or background rather than a direct policy obligation; no policy amendment is required unless management wants to reference it for completeness.,9,"6. Overseas outsourcing arrangements 
GRC Function should for any proposed outsourcing arrangements involving transmission, processing, 
and retention of policyholder data and/or financial data and/or material outsourcing to a third party 
located overseas (including head offices and/or regional offices and/or affiliated entities of insurers), 
must provide the following information to Insurance Authority accompanying the request:  
a. Details of the function to be outsourced, 
b. Categorization of the function (material or non-material outsourcing), 
c. Reason for outsourcing, 
d. Details on the third party located overseas (i.e., name, country, address, license, activity, etc.), 
e. Details on the nature and disposal of the data to be transferred, 
f. 
Details on the confidentiality agreement with the third party, 
Confirmation in writing from ABC by a legal opinion affirming ABC’s right of access to the outsourcing 
activity at the third party (Service Provider), in which the third party must guarantee to abide by the 
legal clause. (Alternatively, ABC may use a standard clause approved by Insurance Authority in its 
contract, instead of the legal opinion). 
7. Risk identification and mitigation measures 
Risk identification 
Related Mitigation Measures 
Outsourcing objectives are not 
aligned with the overall business 
strategy and the target operating 
model 
Clear alignment between the material outsourcing arrangement 
and the overall business strategy ensures the target operating 
model. 
Scope and requirements not fully 
understood 
A scope assessment should be both comprehensive in scope and 
flexible enough to support current and future requirements. 
Business case not covering all 
aspects of the material outsourcing 
arrangement 
A solid business case with a current assessment of financial, 
operational, and organizational needs to provide a baseline for 
evaluating a material outsourcing arrangement. This provides 
valuable insights into the total cost of the material outsourcing 
arrangement and the trade-offs. 
The third party may not have the 
plans, tools, systems, and 
resources to manage the material 
outsourcing arrangements 
Change management programs identify and mitigate capability and 
communication gaps and include planning and implementation that 
determine the pace and success of the material outsourcing 
arrangement. 
Managing the many risks raised by the material outsourcing arrangement will be adopted to align the 
objectives, internal and external resources, implements sound governance and controls, and address 
all relevant regulatory and compliance matters.  
Such an approach will include the ability to measure, track and manage all risks associated with specific 
material outsourcing arrangements.",Low
7.7.18,"set out any warranties or guarantees to be furnished and insurance to be
secured by the other person in respect of its ability to fulfill its contractual
obligations;",This section provides contextual or background information and does not create a direct compliance obligation.,Legal & Compliance,Legal & Compliance,Regulatory Compliance,Not Applicable / Informational,This item appears to provide context or background rather than a direct policy obligation; no policy amendment is required unless management wants to reference it for completeness.,9,"6. Overseas outsourcing arrangements 
GRC Function should for any proposed outsourcing arrangements involving transmission, processing, 
and retention of policyholder data and/or financial data and/or material outsourcing to a third party 
located overseas (including head offices and/or regional offices and/or affiliated entities of insurers), 
must provide the following information to Insurance Authority accompanying the request:  
a. Details of the function to be outsourced, 
b. Categorization of the function (material or non-material outsourcing), 
c. Reason for outsourcing, 
d. Details on the third party located overseas (i.e., name, country, address, license, activity, etc.), 
e. Details on the nature and disposal of the data to be transferred, 
f. 
Details on the confidentiality agreement with the third party, 
Confirmation in writing from ABC by a legal opinion affirming ABC’s right of access to the outsourcing 
activity at the third party (Service Provider), in which the third party must guarantee to abide by the 
legal clause. (Alternatively, ABC may use a standard clause approved by Insurance Authority in its 
contract, instead of the legal opinion). 
7. Risk identification and mitigation measures 
Risk identification 
Related Mitigation Measures 
Outsourcing objectives are not 
aligned with the overall business 
strategy and the target operating 
model 
Clear alignment between the material outsourcing arrangement 
and the overall business strategy ensures the target operating 
model. 
Scope and requirements not fully 
understood 
A scope assessment should be both comprehensive in scope and 
flexible enough to support current and future requirements. 
Business case not covering all 
aspects of the material outsourcing 
arrangement 
A solid business case with a current assessment of financial, 
operational, and organizational needs to provide a baseline for 
evaluating a material outsourcing arrangement. This provides 
valuable insights into the total cost of the material outsourcing 
arrangement and the trade-offs. 
The third party may not have the 
plans, tools, systems, and 
resources to manage the material 
outsourcing arrangements 
Change management programs identify and mitigate capability and 
communication gaps and include planning and implementation that 
determine the pace and success of the material outsourcing 
arrangement. 
Managing the many risks raised by the material outsourcing arrangement will be adopted to align the 
objectives, internal and external resources, implements sound governance and controls, and address 
all relevant regulatory and compliance matters.  
Such an approach will include the ability to measure, track and manage all risks associated with specific 
material outsourcing arrangements.",Low
7.7.19,provide for a dispute resolution process; and,This section provides contextual or background information and does not create a direct compliance obligation.,Informational / Context,Operations,Business Operations,Not Applicable / Informational,This item appears to provide context or background rather than a direct policy obligation; no policy amendment is required unless management wants to reference it for completeness.,9,"6. Overseas outsourcing arrangements 
GRC Function should for any proposed outsourcing arrangements involving transmission, processing, 
and retention of policyholder data and/or financial data and/or material outsourcing to a third party 
located overseas (including head offices and/or regional offices and/or affiliated entities of insurers), 
must provide the following information to Insurance Authority accompanying the request:  
a. Details of the function to be outsourced, 
b. Categorization of the function (material or non-material outsourcing), 
c. Reason for outsourcing, 
d. Details on the third party located overseas (i.e., name, country, address, license, activity, etc.), 
e. Details on the nature and disposal of the data to be transferred, 
f. 
Details on the confidentiality agreement with the third party, 
Confirmation in writing from ABC by a legal opinion affirming ABC’s right of access to the outsourcing 
activity at the third party (Service Provider), in which the third party must guarantee to abide by the 
legal clause. (Alternatively, ABC may use a standard clause approved by Insurance Authority in its 
contract, instead of the legal opinion). 
7. Risk identification and mitigation measures 
Risk identification 
Related Mitigation Measures 
Outsourcing objectives are not 
aligned with the overall business 
strategy and the target operating 
model 
Clear alignment between the material outsourcing arrangement 
and the overall business strategy ensures the target operating 
model. 
Scope and requirements not fully 
understood 
A scope assessment should be both comprehensive in scope and 
flexible enough to support current and future requirements. 
Business case not covering all 
aspects of the material outsourcing 
arrangement 
A solid business case with a current assessment of financial, 
operational, and organizational needs to provide a baseline for 
evaluating a material outsourcing arrangement. This provides 
valuable insights into the total cost of the material outsourcing 
arrangement and the trade-offs. 
The third party may not have the 
plans, tools, systems, and 
resources to manage the material 
outsourcing arrangements 
Change management programs identify and mitigate capability and 
communication gaps and include planning and implementation that 
determine the pace and success of the material outsourcing 
arrangement. 
Managing the many risks raised by the material outsourcing arrangement will be adopted to align the 
objectives, internal and external resources, implements sound governance and controls, and address 
all relevant regulatory and compliance matters.  
Such an approach will include the ability to measure, track and manage all risks associated with specific 
material outsourcing arrangements.",Low
7.7.20,"provide for a reasonable termination period, irrespective of the
circumstances under which the agreement is terminated (including the
lapsing or non-renewal of the agreement) that will allow the insurer's
contingency plans to be implemented.

Where an outsourcing contract allows another person to sub-outsource any part or

the full function or activity outsourced to it, that sub-outsourcing must also comply

with paragraphs 7.6 and 7.7.

Management and regular review

An insurer must ensure that the risks associated with any outsourcing of a control,

Management or material function are appropriately assessed, monitored and

managed, and regularly reviewed.

An insurer must ensure that the level and standard of service to the insurer and its

policyholders, where relevant, in terms of any outsourcing are appropriately

monitored, managed, and regularly reviewed.

An insurer must regularly assess the other person's -","Insurers must address the requirement described in section 7.7.20: provide for a reasonable termination period, irrespective of the circumstances under which the agreement is terminated (including the lapsing or non-renewal of the agreement) that will allow the insurer's contingency plans to be implemen...",Risk Management,Legal & Compliance,Regulatory Compliance,Partially Covered,"Policy partially addresses the obligation. Update the policy to explicitly cover the missing requirement, control owner, review frequency, and evidence expectations.",9,"6. Overseas outsourcing arrangements 
GRC Function should for any proposed outsourcing arrangements involving transmission, processing, 
and retention of policyholder data and/or financial data and/or material outsourcing to a third party 
located overseas (including head offices and/or regional offices and/or affiliated entities of insurers), 
must provide the following information to Insurance Authority accompanying the request:  
a. Details of the function to be outsourced, 
b. Categorization of the function (material or non-material outsourcing), 
c. Reason for outsourcing, 
d. Details on the third party located overseas (i.e., name, country, address, license, activity, etc.), 
e. Details on the nature and disposal of the data to be transferred, 
f. 
Details on the confidentiality agreement with the third party, 
Confirmation in writing from ABC by a legal opinion affirming ABC’s right of access to the outsourcing 
activity at the third party (Service Provider), in which the third party must guarantee to abide by the 
legal clause. (Alternatively, ABC may use a standard clause approved by Insurance Authority in its 
contract, instead of the legal opinion). 
7. Risk identification and mitigation measures 
Risk identification 
Related Mitigation Measures 
Outsourcing objectives are not 
aligned with the overall business 
strategy and the target operating 
model 
Clear alignment between the material outsourcing arrangement 
and the overall business strategy ensures the target operating 
model. 
Scope and requirements not fully 
understood 
A scope assessment should be both comprehensive in scope and 
flexible enough to support current and future requirements. 
Business case not covering all 
aspects of the material outsourcing 
arrangement 
A solid business case with a current assessment of financial, 
operational, and organizational needs to provide a baseline for 
evaluating a material outsourcing arrangement. This provides 
valuable insights into the total cost of the material outsourcing 
arrangement and the trade-offs. 
The third party may not have the 
plans, tools, systems, and 
resources to manage the material 
outsourcing arrangements 
Change management programs identify and mitigate capability and 
communication gaps and include planning and implementation that 
determine the pace and success of the material outsourcing 
arrangement. 
Managing the many risks raised by the material outsourcing arrangement will be adopted to align the 
objectives, internal and external resources, implements sound governance and controls, and address 
all relevant regulatory and compliance matters.  
Such an approach will include the ability to measure, track and manage all risks associated with specific 
material outsourcing arrangements.",Medium
7.11.1,"governance, risk management, and internal controls (including fit and
properness);",This section provides contextual or background information and does not create a direct compliance obligation.,Risk Management,Risk Management,Enterprise Risk Management,Not Applicable / Informational,This item appears to provide context or background rather than a direct policy obligation; no policy amendment is required unless management wants to reference it for completeness.,9,"6. Overseas outsourcing arrangements 
GRC Function should for any proposed outsourcing arrangements involving transmission, processing, 
and retention of policyholder data and/or financial data and/or material outsourcing to a third party 
located overseas (including head offices and/or regional offices and/or affiliated entities of insurers), 
must provide the following information to Insurance Authority accompanying the request:  
a. Details of the function to be outsourced, 
b. Categorization of the function (material or non-material outsourcing), 
c. Reason for outsourcing, 
d. Details on the third party located overseas (i.e., name, country, address, license, activity, etc.), 
e. Details on the nature and disposal of the data to be transferred, 
f. 
Details on the confidentiality agreement with the third party, 
Confirmation in writing from ABC by a legal opinion affirming ABC’s right of access to the outsourcing 
activity at the third party (Service Provider), in which the third party must guarantee to abide by the 
legal clause. (Alternatively, ABC may use a standard clause approved by Insurance Authority in its 
contract, instead of the legal opinion). 
7. Risk identification and mitigation measures 
Risk identification 
Related Mitigation Measures 
Outsourcing objectives are not 
aligned with the overall business 
strategy and the target operating 
model 
Clear alignment between the material outsourcing arrangement 
and the overall business strategy ensures the target operating 
model. 
Scope and requirements not fully 
understood 
A scope assessment should be both comprehensive in scope and 
flexible enough to support current and future requirements. 
Business case not covering all 
aspects of the material outsourcing 
arrangement 
A solid business case with a current assessment of financial, 
operational, and organizational needs to provide a baseline for 
evaluating a material outsourcing arrangement. This provides 
valuable insights into the total cost of the material outsourcing 
arrangement and the trade-offs. 
The third party may not have the 
plans, tools, systems, and 
resources to manage the material 
outsourcing arrangements 
Change management programs identify and mitigate capability and 
communication gaps and include planning and implementation that 
determine the pace and success of the material outsourcing 
arrangement. 
Managing the many risks raised by the material outsourcing arrangement will be adopted to align the 
objectives, internal and external resources, implements sound governance and controls, and address 
all relevant regulatory and compliance matters.  
Such an approach will include the ability to measure, track and manage all risks associated with specific 
material outsourcing arrangements.",Low
7.11.2,ability to comply with applicable laws; and,Insurers must address the requirement described in section 7.11.2: ability to comply with applicable laws; and,Legal & Compliance,Legal & Compliance,Regulatory Compliance,Completely Covered,No gap identified. The uploaded policy appears to cover this obligation.,11,"The evaluation process should include an assessment of the third party’s control framework, covering 
performance standards, policies, procedures, compliance, reporting, and monitoring processes.  
The due diligence should also address other issues, such as business strategy, reputation, 
experience with the proposed outsourced function, reliance on and performance of external third 
party, insurance coverage, business continuity management, and potential conflict of interest where 
the third party is related to ABC or has arrangements with competitors.  
The review process should be made on a yearly basis and retain the necessary expertise to supervise 
the outsourced activity effectively. 
Overseas Outsourcing 
In addition to the general due diligence process outlined above, in assessing whether to approve an 
application to offshore a Material Outsourcing Arrangement, would expect to consider the risks which 
could arise from overseas Outsourcing, including:  
• 
Country risk - the risk that overseas economic, political, and/or social events will impact the ability 
of the overseas third party to continue to provide an outsourced service to ABC.  
• 
Compliance (legal) risk - the risk that overseas outsourcing arrangements will impact ABC’s ability 
to comply with relevant Saudi Arabia and overseas laws and regulations (including accounting 
practices). 
• 
Contractual risk - the risk that ABC’s ability to enforce the overseas outsourcing agreement may 
be partly or completely hindered. 
• 
Access risk - the risk that the ability of ABC to obtain information and to retain records may be 
partly or completely hindered. This risk also refers to the potential difficulties or inability of ABC to 
access the third party and the material function activity being conducted. 
• 
Counterparty risk - the risk arising from the third party’s failure to meet the terms of any contract 
with ABC or to otherwise perform as agreed. 
• 
Brand risk – the risk arising from the third party’s failure to protect or respond to the damage done 
to ABC’s reputation including through contagion. 
• 
Security risk – the risk arising from the third party’s failure to have secure systems to protect their 
held data against cyberattacks or internal system breaches.  
These and other additional risks should be specifically addressed during the preparation of a business 
case when conducting the due diligence and during contract negotiations. Where ABC approves the 
overseas material outsourcing arrangement, these risks should also be considered when conducting 
the ongoing monitoring and control of that Material Outsourcing Arrangement. Specific risk 
management expertise is required when assessing, monitoring, and controlling material business 
activities outsourced to service providers conducting the activities outside Saudi Arabia.  
The risk assessment will also cover the impact of the material outsourcing arrangement in terms of its:  
• 
Overall risk profile and appetite; and  
• 
Systems and controls.",Low
7.11.3,"operational and financial capability.
REPORTING

Notification of outsourcing of control, management or material functions

An insurer must timeously, but no later than one month, prior to the effective date of
an outsourcing contract relating to the outsourcing of a control, management or
material function, notify the Registrar of —



--- Page 9 ---","Insurers must address the requirement described in section 7.11.3: operational and financial capability. REPORTING Notification of outsourcing of control, management or material functions An insurer must timeously, but no later than one month, prior to the effective date of an outsourcing contract relat...",Reporting / Notification,Legal & Compliance,Regulatory Compliance,Completely Covered,No gap identified. The uploaded policy appears to cover this obligation.,9,"6. Overseas outsourcing arrangements 
GRC Function should for any proposed outsourcing arrangements involving transmission, processing, 
and retention of policyholder data and/or financial data and/or material outsourcing to a third party 
located overseas (including head offices and/or regional offices and/or affiliated entities of insurers), 
must provide the following information to Insurance Authority accompanying the request:  
a. Details of the function to be outsourced, 
b. Categorization of the function (material or non-material outsourcing), 
c. Reason for outsourcing, 
d. Details on the third party located overseas (i.e., name, country, address, license, activity, etc.), 
e. Details on the nature and disposal of the data to be transferred, 
f. 
Details on the confidentiality agreement with the third party, 
Confirmation in writing from ABC by a legal opinion affirming ABC’s right of access to the outsourcing 
activity at the third party (Service Provider), in which the third party must guarantee to abide by the 
legal clause. (Alternatively, ABC may use a standard clause approved by Insurance Authority in its 
contract, instead of the legal opinion). 
7. Risk identification and mitigation measures 
Risk identification 
Related Mitigation Measures 
Outsourcing objectives are not 
aligned with the overall business 
strategy and the target operating 
model 
Clear alignment between the material outsourcing arrangement 
and the overall business strategy ensures the target operating 
model. 
Scope and requirements not fully 
understood 
A scope assessment should be both comprehensive in scope and 
flexible enough to support current and future requirements. 
Business case not covering all 
aspects of the material outsourcing 
arrangement 
A solid business case with a current assessment of financial, 
operational, and organizational needs to provide a baseline for 
evaluating a material outsourcing arrangement. This provides 
valuable insights into the total cost of the material outsourcing 
arrangement and the trade-offs. 
The third party may not have the 
plans, tools, systems, and 
resources to manage the material 
outsourcing arrangements 
Change management programs identify and mitigate capability and 
communication gaps and include planning and implementation that 
determine the pace and success of the material outsourcing 
arrangement. 
Managing the many risks raised by the material outsourcing arrangement will be adopted to align the 
objectives, internal and external resources, implements sound governance and controls, and address 
all relevant regulatory and compliance matters.  
Such an approach will include the ability to measure, track and manage all risks associated with specific 
material outsourcing arrangements.",Low
8.1.1,the proposed outsourcing (subject to any requirements under the Acts);,Insurers must address the requirement described in section 8.1.1: the proposed outsourcing (subject to any requirements under the Acts);,Outsourcing / Third Party,Legal & Compliance,Regulatory Compliance,Completely Covered,No gap identified. The uploaded policy appears to cover this obligation.,10,"The Department proposing the material outsourcing arrangement should prepare a detailed business 
case, detailing the potential costs, benefits and risks associated. As part of this process, the Board 
must make an ‘in principle’ decision to continue the outsourcing process and to call for selection 
process documents. The proposed documentation should clearly outline the requirements of ABC for 
the proposed material outsourcing arrangement. 
8.2  Eligibility and qualification of a business case 
The business case should contain a selection criterion that includes specific requirements and service 
expectations, which enables a fair and impartial selection prior to outsourcing to a third party. The 
selection criteria must consider assessing the following (as a minimum):  
• 
The financial resources of the third party to deliver the services, 
• 
The third party’s technical resources, systems, and capacity to deliver the required services, 
• 
The human resources of the third party having relevant skills to provide the services, 
• 
The third party’s compliance plans and procedures, 
• 
The third circumstances party’s internal control framework covering risk management, 
performance standards, policies, procedures, internal audit, review and compliance arrangements, 
reporting, and monitoring processes, 
• 
An assessment of the anti-money laundering and counter-terrorist financing risks of the third party, 
• 
The fees to be charged by a third party. 
9. Due Diligence 
The due diligence should be conducted before any final decision is made to determine whether to 
outsource a material activity or not. This should address all material factors that would impact the 
potential Third party’s ability to perform the business activity.  
The due diligence process should, as a minimum, assess the financial ability, technical ability, and 
capacity of the third party to deliver, including in stressful situations, the required services.",Low
8.1.2,"the details of the other person te whom the insurer will outsource that
function; and",This section provides contextual or background information and does not create a direct compliance obligation.,Outsourcing / Third Party,Operations,Business Operations,Not Applicable / Informational,This item appears to provide context or background rather than a direct policy obligation; no policy amendment is required unless management wants to reference it for completeness.,9,"6. Overseas outsourcing arrangements 
GRC Function should for any proposed outsourcing arrangements involving transmission, processing, 
and retention of policyholder data and/or financial data and/or material outsourcing to a third party 
located overseas (including head offices and/or regional offices and/or affiliated entities of insurers), 
must provide the following information to Insurance Authority accompanying the request:  
a. Details of the function to be outsourced, 
b. Categorization of the function (material or non-material outsourcing), 
c. Reason for outsourcing, 
d. Details on the third party located overseas (i.e., name, country, address, license, activity, etc.), 
e. Details on the nature and disposal of the data to be transferred, 
f. 
Details on the confidentiality agreement with the third party, 
Confirmation in writing from ABC by a legal opinion affirming ABC’s right of access to the outsourcing 
activity at the third party (Service Provider), in which the third party must guarantee to abide by the 
legal clause. (Alternatively, ABC may use a standard clause approved by Insurance Authority in its 
contract, instead of the legal opinion). 
7. Risk identification and mitigation measures 
Risk identification 
Related Mitigation Measures 
Outsourcing objectives are not 
aligned with the overall business 
strategy and the target operating 
model 
Clear alignment between the material outsourcing arrangement 
and the overall business strategy ensures the target operating 
model. 
Scope and requirements not fully 
understood 
A scope assessment should be both comprehensive in scope and 
flexible enough to support current and future requirements. 
Business case not covering all 
aspects of the material outsourcing 
arrangement 
A solid business case with a current assessment of financial, 
operational, and organizational needs to provide a baseline for 
evaluating a material outsourcing arrangement. This provides 
valuable insights into the total cost of the material outsourcing 
arrangement and the trade-offs. 
The third party may not have the 
plans, tools, systems, and 
resources to manage the material 
outsourcing arrangements 
Change management programs identify and mitigate capability and 
communication gaps and include planning and implementation that 
determine the pace and success of the material outsourcing 
arrangement. 
Managing the many risks raised by the material outsourcing arrangement will be adopted to align the 
objectives, internal and external resources, implements sound governance and controls, and address 
all relevant regulatory and compliance matters.  
Such an approach will include the ability to measure, track and manage all risks associated with specific 
material outsourcing arrangements.",Low
81.3,"the key risks associated with the outsourcing and the risk mitigation
strategies that will be put in place to address these risks.

An insurer must immediately notify the Registrar of any material developments
(such as pending termination, material non-performance and the like) with respect
to the outsourcing referred to in paragraph 8.1, during the duration of the
outsourcing contract.

COMPLIANCE

Any outsourcing on or after the date on which this Directive takes effect must
comply with this Directive.

Any outsourcing undertaken prior to the date on which this Directive takes effect
must comply with this Directive when the contract relating to that outsourcing is
extended, renewed or amended, but by no later than 1 January 2013.

Any non-compliance with this Directive may be referred to the enforcement
committee in accordance with the section 6 of the Financial Institutions (Protection
of Funds) Act No. 28 of 2001.

AVAILABILITY AND INFORMATION SHARING
This Directive is available on the website (www.fsb.co.za) of the Financial Services

Board. Insurers must bring this Directive to the attention of their appointed auditors
and statutory actuary (where one has been appointed).

Sk
REGISTI ‘S OF LONG-TERM AND SHORT-TERM INSURANCE



--- Page 10 ---
Annexure A

GUIDANCE ON RISKS

An insurer should assess, monitor and manage the following types of risks in respect of

any outsourcing:

Contractual Risk:

The insurer should be able to enforce the contract with the other
person.

Strategic Risk:

The totality of the other person's activities should be consistent
with the overall strategic goals cf the insurer and the insurer
should have the expertise to oversee, manage and monitor the
other person.

Reputation Risk:

The other person’s conduct should be consistent with the overall
standards of the insurer or the stated practices (ethical or
otherwise} of the insurer.

Compliance Risk:

The other person should comply with applicable ‘egislation and
have adequate compliance systems and controls in place.

Operational Risk:

The potential for technology failures, fraud or other errors should
be minimised.

Exit Strategy Risk: | Appropriate exit strategies (termination clauses), should be in
place.

Country Risk: The political, social and legal climate should be appropriate where
the other person is situated outside of South Africa.

Access Risk: The insurer, at all times, should have access to timely data and
other information.

Concentration and | The insurer should not be over-reliant on a single other person.

Systemic Risk: The insurer should ensure that the other person does not provide
the same or similar function to a significant number of other
insurers.",Insurers must address the requirement described in section 81.3: the key risks associated with the outsourcing and the risk mitigation strategies that will be put in place to address these risks. An insurer must immediately notify the Registrar of any material developments (such as pending termination...,Legal & Compliance,Legal & Compliance,Regulatory Compliance,Completely Covered,No gap identified. The uploaded policy appears to cover this obligation.,9,"6. Overseas outsourcing arrangements 
GRC Function should for any proposed outsourcing arrangements involving transmission, processing, 
and retention of policyholder data and/or financial data and/or material outsourcing to a third party 
located overseas (including head offices and/or regional offices and/or affiliated entities of insurers), 
must provide the following information to Insurance Authority accompanying the request:  
a. Details of the function to be outsourced, 
b. Categorization of the function (material or non-material outsourcing), 
c. Reason for outsourcing, 
d. Details on the third party located overseas (i.e., name, country, address, license, activity, etc.), 
e. Details on the nature and disposal of the data to be transferred, 
f. 
Details on the confidentiality agreement with the third party, 
Confirmation in writing from ABC by a legal opinion affirming ABC’s right of access to the outsourcing 
activity at the third party (Service Provider), in which the third party must guarantee to abide by the 
legal clause. (Alternatively, ABC may use a standard clause approved by Insurance Authority in its 
contract, instead of the legal opinion). 
7. Risk identification and mitigation measures 
Risk identification 
Related Mitigation Measures 
Outsourcing objectives are not 
aligned with the overall business 
strategy and the target operating 
model 
Clear alignment between the material outsourcing arrangement 
and the overall business strategy ensures the target operating 
model. 
Scope and requirements not fully 
understood 
A scope assessment should be both comprehensive in scope and 
flexible enough to support current and future requirements. 
Business case not covering all 
aspects of the material outsourcing 
arrangement 
A solid business case with a current assessment of financial, 
operational, and organizational needs to provide a baseline for 
evaluating a material outsourcing arrangement. This provides 
valuable insights into the total cost of the material outsourcing 
arrangement and the trade-offs. 
The third party may not have the 
plans, tools, systems, and 
resources to manage the material 
outsourcing arrangements 
Change management programs identify and mitigate capability and 
communication gaps and include planning and implementation that 
determine the pace and success of the material outsourcing 
arrangement. 
Managing the many risks raised by the material outsourcing arrangement will be adopted to align the 
objectives, internal and external resources, implements sound governance and controls, and address 
all relevant regulatory and compliance matters.  
Such an approach will include the ability to measure, track and manage all risks associated with specific 
material outsourcing arrangements.",Low
